address,normalized_address,location_name,jobId
"13135 Lee Jackson Memorial Highway Service Road suite 110, Fairfax, VA, USA",13135 lee jackson memorial highway service rd ste 110 fairfax va usa,,efb9c6f4-9156-6ca3-fe88-34c48ffac9ee
"3231 Superior Ln suite a22, Bowie, MD, USA",3231 superior ln ste a22 bowie md usa,,d99cf455-19e1-46d8-8ca8-74c6f16f85e1
"113 Westminster Pike, Reisterstown, MD 21136",113 westminster pike reisterstown md 21136,,e61263a0-6dec-4e9f-81f5-5695a3ebdb81
"3165 Mt Pleasant St NW, Washington, DC, USA",3165 mt pleasant st nw washington dc usa,,f3e59df4-2512-46b6-9885-ba0a78e00e14
"250 Kennedy St NW, Washington, DC, USA",250 kennedy st nw washington dc usa,,49962b97-a249-4936-8a53-8f9eba029df7
"10905 Fort Washington Rd, Fort Washington, MD 20744, USA",10905 fort washington rd fort washington md 20744 usa,,d3bc7169-ebaf-4500-aaf6-bb456aa3bcfa
"1750 Rockville Pike #10, Rockville, MD 20852, USA",1750 rockville pike #10 rockville md 20852 usa,,14ba1787-c7f8-49ea-af50-f39c6a8450fb
"7100 Heritage Village Plaza #101, Gainesville, VA 20155, USA",7100 heritage village plaza #101 gainesville va 20155 usa,,b50dd163-8cb5-4cdd-a649-6d9ec47f29da
"7600 Hanover Parkway Greenbelt, MD 20770",7600 hanover parkway greenbelt md 20770,,e8b11d67-d3fa-43ea-8386-14c03ee14e8e
"13974 Baltimore Avenue, Laurel, MD, USA",13974 baltimore ave laurel md usa,,0d742326-b6ed-4246-97e7-fd7f1e4b3bc9
"Wormans Mill Dental Group, Mill Pond Road, Frederick, MD, USA",wormans mill dental group mill pond rd frederick md usa,,05fbd1ba-07f8-4873-a7c0-de8a7ef8287a
"13954 Baltimore Ave, Laurel, MD 20707, USA",13954 baltimore ave laurel md 20707 usa,,e27d64eb-7efa-4a98-b019-8167d4429cb2
"6304 Kenwood Ave suite 5, Rosedale, MD, USA",6304 kenwood ave ste 5 rosedale md usa,,4a7f6a46-1574-4946-85f1-2e5d15932063
"8647 Belair Rd, Nottingham, MD, USA",8647 belair rd nottingham md usa,,ce432193-04c0-4c46-b7da-9e80159a639d
"Prime Care Dental, Philadelphia Road, White Marsh, MD, USA",prime care dental philadelphia rd white marsh md usa,,a8f96b51-1490-4320-a655-3ac0595f443b
"1617 Postal Rd Chester, MD 21619",1617 postal rd chester md 21619,,76ad3bab-388f-4026-b2cd-86848ffc41fd
"1540 Pointer Ridge Pl., Suite A, Bowie, MD 20716",1540 pointer ridge pl ste a bowie md 20716,,035ab97b-2d31-3354-2435-39571c765257
"11300 Rockville Pike suite 1013, Rockville, MD 20852, USA",11300 rockville pike ste 1013 rockville md 20852 usa,,e94ab2c3-40ef-fde2-fc6f-6ac3d256e591
"177 St Patricks Dr suite 103, Waldorf, MD, USA",177 st patricks dr ste 103 waldorf md usa,,cba3235a-1e82-3387-506b-692ac11c03ad
"6201 Greenbelt Rd suite m5, Berwyn Heights, MD 20740, USA",6201 greenbelt rd ste m5 berwyn heights md 20740 usa,,e53c85f9-78f7-f3f4-5422-1f9a72519b71
6845 Elm Street #615 McLean VA 22101,6845 elm st #615 mclean va 22101,,8812fd7c-fb37-4057-9def-77f594177bc3
"1100 E 33rd St., Suite 105A, Baltimore, MD 21218",1100 e 33rd st ste 105a baltimore md 21218,,25034090-329a-fcf9-2396-fe819e37912f
"405 Frederick Rd suite 152, Catonsville, MD 21228, USA",405 frederick rd ste 152 catonsville md 21228 usa,,02cd0b18-d836-6c94-6426-d027355b3cee
"20915 Ashburn Rd. Ashburn, VA 20147",20915 ashburn rd ashburn va 20147,,9c844fc4-780a-499c-a936-8272875186a3
"7610 Carroll Ave, Takoma Park, MD 20912, USA",7610 carroll ave takoma park md 20912 usa,,9c29964a-0f77-4ad0-a161-c985b57b1ff2
"303 Post Office Rd., Suite B1, Waldorf, MD 20602",303 post office rd ste b1 waldorf md 20602,,734a4f69-ad80-4771-84b0-aa6afd954ef3
"3231 Superior Ln, Bowie, MD 20715, USA",3231 superior ln bowie md 20715 usa,,5521279e-294e-4962-8d46-ecd480362654
"5666 Columbia Pike suite a, Falls Church, VA, USA",5666 columbia pike ste a falls church va usa,,c4e462a5-9614-4926-af70-41ada3a0e5b6
"Lanham Smiles, Annapolis Road, Lanham, MD, USA",lanham smiles annapolis rd lanham md usa,,63b7a30a-fd39-407c-bc77-09d460ab5160
"14333 Laurel Bowie Rd STE 301, Laurel, MD 20708, USA",14333 laurel bowie rd ste 301 laurel md 20708 usa,,287770b1-3e04-4169-ad2d-c771fcfdd8a4
"16036 Frederick Rd, Woodbine, MD, USA",16036 frederick rd woodbine md usa,,fe21bdca-d0a3-4d82-85a1-3f72feed106c
"7500 Hanover Pkwy., Suite 202, Greenbelt, MD 20770",7500 hanover pkwy ste 202 greenbelt md 20770,,7382591f-1875-7890-2469-830577e26582
"Purcellville Pediatric Dentistry, 17333 Pickwick Dr Suite A, Purcellville, VA 20132, USA",purcellville pediatric dentistry 17333 pickwick dr ste a purcellville va 20132 usa,,8ba16b08-b50c-4f0d-9091-65ae418b449a
"322 N Buckmarsh St, Berryville, VA 22611",322 n buckmarsh st berryville va 22611,,d39d2cca-8a5e-41f0-a4c1-4d8bf7b80741
"15204 Omega Dr., Suite 140",15204 omega dr ste 140,,0da56567-c240-4107-b6c8-594294ef1470
"44330 Premier Plaza suite 200, Ashburn, VA, USA",44330 premier plaza ste 200 ashburn va usa,,f814608c-df77-49a9-a1aa-2f9a48b61412
"775 Hungerford Drive, Rockville, MD, USA",775 hungerford dr rockville md usa,,33270a7a-8ecc-457c-a987-4f166141ccd4
"6845 Elm St #475, McLean, VA 22101, USA",6845 elm st #475 mclean va 22101 usa,,5f2feadf-6706-4f37-aa6c-fb0d51d1d77a
"2440 M St NW #610, Washington, DC 20037, USA",2440 m st nw #610 washington dc 20037 usa,,75760fec-4c22-448b-9a1d-12e06198d697
"3350 Middletown Rd., Suite 107",3350 middletown rd ste 107,,37ea1a4a-b89c-48ed-a0b8-55e6b900b312
"6211 Centreville Rd suite 600, Centreville, VA, USA",6211 centreville rd ste 600 centreville va usa,,5897a0c6-9032-443a-988a-035b58f576bb
"7505 New Hampshire Ave #305, Takoma Park, MD 20912, USA",7505 new hampshire ave #305 takoma park md 20912 usa,,e213b8ff-529b-40f3-9085-1057af00824f
"15245 Shady Grove Rd # 420, Rockville, MD 20850, USA",15245 shady grove rd # 420 rockville md 20850 usa,,b2012e59-bf15-456c-bd5c-bb1a3a843934
"15511 Annapolis Rd, Bowie, MD 20715, USA",15511 annapolis rd bowie md 20715 usa,,8db5fb84-3c4a-4ad9-a407-d5b71a40bc68
"6545 Crain Hwy, La Plata, MD, USA",6545 crain hwy la plata md usa,,304ef529-1c98-4037-a591-f3edc091c09b
"3903 Fair Ridge Dr suite 214, Fairfax, VA 22033, USA",3903 fair ridge dr ste 214 fairfax va 22033 usa,,8e51f8c2-c291-b1fd-5f53-adb9774b11c8
"9500 Pennsylvania Ave. suite 14, Upper Marlboro, MD, USA",9500 pennsylvania ave ste 14 upper marlboro md usa,,6d39c697-562b-4f21-9991-305ea324e819
"3925 University Dr, Fairfax, VA, USA",3925 university dr fairfax va usa,,9c76e6b7-1758-487e-abd7-2e37f84cc8f1
"8206 Tuckerman Ln, Potomac, MD 20854, USA",8206 tuckerman ln potomac md 20854 usa,,be2ce89d-4916-46db-9797-f75dd20e8c29
"3223 Duke St, Alexandria, VA 22314, USA",3223 duke st alexandria va 22314 usa,,2d7a8d85-e4b8-4a0f-b508-67b6e283a0af
"532 Baltimore Blvd # 412, Westminster, MD 21157, USA",532 baltimore blvd # 412 westminster md 21157 usa,,5e5ed227-d1a4-479f-b630-d68dd1c05b0d
"8757 Georgia Ave, Silver Spring, MD 20910, USA",8757 georgia ave silver spring md 20910 usa,,a94af604-fe78-4c9c-881e-d78a780fb4b5
"55 M St SE, Washington, DC 20003, USA",55 m st se washington dc 20003 usa,,392c338b-21b5-4fa2-86fa-ee4a73f4d14a
"44330 Premier Plaza STE 140, Ashburn, VA 20147, USA",44330 premier plaza ste 140 ashburn va 20147 usa,,0972ab90-73cd-4c85-a1fc-6ac50e1cc440
"9005 Chevrolet Dr #1, Ellicott City, MD 21042, USA",9005 chevrolet dr #1 ellicott city md 21042 usa,,7baaf4d0-bc01-47ea-8d9f-449a76bb7601
"5862 Hubbard Dr, Rockville, MD 20852, USA",5862 hubbard dr rockville md 20852 usa,,b60ac23e-8d57-9a8f-6cdf-25bdb24cc03a
2553 Solomons Island Rd.	Huntingtown	MD	20639,2553 solomons island rd huntingtown md 20639,,5ac6b413-5cd6-41a0-9ec1-67b657ddc067
"6801 Whittier Ave suite 202, McLean, VA 22101, USA",6801 whittier ave ste 202 mclean va 22101 usa,,4796da39-908e-850c-82f0-a460c2814f2e
"15908 Crain Hwy., Unit D",15908 crain hwy unit d,,9cf3f49b-3520-4772-a9fa-12436ce519e3
"7686 Richmond Hwy suite 201 a, Alexandria, VA, USA",7686 richmond hwy ste 201 a alexandria va usa,,f713c2c9-d7e4-482f-8fdb-e89013bf381e
"173 St Patricks Dr Suite 204, Waldorf, MD 20603, USA",173 st patricks dr ste 204 waldorf md 20603 usa,,5816cdb2-46bb-4fba-9fba-eb9cb411c4d6
"6831 Sir Viceroy Dr #200, Alexandria, VA 22315, USA",6831 sir viceroy dr #200 alexandria va 22315 usa,,04596162-456e-4738-9ef4-50a12713e7e8
"5247 Wisconsin Ave NW suite 3a, Washington, DC, USA",5247 wisconsin ave nw ste 3a washington dc usa,,b5772268-5074-4cdd-a087-76569bb5fcfe
"3311 Toledo Terrace suite c 203, Hyattsville, MD 20782, USA",3311 toledo terrace ste c 203 hyattsville md 20782 usa,,b7b71ed5-496c-4079-99c2-a6ea804f9b37
"11701 Livingston Rd., Suite 305, Fort Washington, MD 20744",11701 livingston rd ste 305 fort washington md 20744,,39b2ed4b-76bb-4455-a7cb-aec376406603
"14001 St Germain Dr., Suite B, Centreville, VA 20121",14001 st germain dr ste b centreville va 20121,,ede8187e-1c95-2cc6-347d-9f77dcfdfa46
"9682 Marlboro Pike, Upper Marlboro, MD 20772",9682 marlboro pike upper marlboro md 20772,,0655538b-0457-f590-1e57-14cd62760b8e
"1619 Connecticut Ave NW, Washington, DC 20009, USA",1619 connecticut ave nw washington dc 20009 usa,,e6bbbb67-64c0-47e5-8d4e-3f3938a929ae
"1700 17th St NW suite 302, Washington, DC 20009, USA",1700 17th st nw ste 302 washington dc 20009 usa,,2e36cff9-3726-40e9-a859-24d4345edb8c
"2321 Dulles Station Blvd, Herndon, VA 20171, USA",2321 dulles station blvd herndon va 20171 usa,,37e63138-762b-4d8f-9021-b1210a817433
"4201 Massachusetts Ave NW, Washington, DC 20016, USA",4201 massachusetts ave nw washington dc 20016 usa,,e9bb3d6d-ec58-4c00-9e2c-04291c2054c8
"6735 Hunting Path Rd., Haymarket, VA 20169",6735 hunting path rd haymarket va 20169,,6d5316b1-e020-4473-bbbe-a32e24b15886
"508 Olney Sandy Spring Rd, Sandy Spring, MD 20860, USA",508 olney sandy spring rd sandy spring md 20860 usa,,990d4d5b-6326-40a2-96e0-8612d83e9a48
"10039 Patriot Hwy, Fredericksburg, VA 22407, USA",10039 patriot hwy fredericksburg va 22407 usa,,cc5b002c-e2ef-438e-a298-8b6c3c632498
"7801 Old Branch Ave #206, Clinton, MD 20735",7801 old branch ave #206 clinton md 20735,,afaf9c42-be7e-4a0e-9d0d-3f836a975b9a
"8815 Centre Park Dr suite 310, Columbia, MD, USA",8815 centre park dr ste 310 columbia md usa,,c1c8f411-54c1-4925-8c38-0094852082e2
"44210 Airport View Dr, Hollywood, MD 20636, USA",44210 airport view dr hollywood md 20636 usa,,1e9dc2f0-46f4-4f1c-90bb-6f6956536ab4
"5216 Lyngate Ct suite a, Burke, VA 22015, USA",5216 lyngate ct ste a burke va 22015 usa,,4e0367fd-204e-15ad-5d7a-4bb7bf9cb654
"Kalorama Dental Arts, Connecticut Avenue Northwest, Washington, DC, USA",kalorama dental arts connecticut ave nw washington dc usa,,f242ca5d-e7c6-4135-b4de-33a6fa10817f
"9 Schilling Rd suite 105, Hunt Valley, MD, USA",9 schilling rd ste 105 hunt valley md usa,,c6e1ccf4-db00-4e61-a378-9679a2046653
"9011 Chevrolet Dr suite 9, Ellicott City, MD 21042, USA",9011 chevrolet dr ste 9 ellicott city md 21042 usa,,8c8e236f-eb51-4c21-4003-fbda279702ec
"9320 Annapolis Rd. Lanham, MD 20706",9320 annapolis rd lanham md 20706,,45e9f3fc-80b7-415d-acab-e98dbe9d5619
"7220 Heritage Village Plaza #101, Gainesville, VA, USA",7220 heritage village plaza #101 gainesville va usa,,fa64f5da-84da-80b4-3e37-f1c5f12f8fdf
"1104 Kenilworth Park Circle suite 102, Towson, MD 21204, USA",1104 kenilworth park circle ste 102 towson md 21204 usa,,beaa1115-1c8d-28dc-dc57-142798af722f
"5950 Frederick Crossing Ln Ste 201, Frederick, MD 21704, USA",5950 frederick crossing ln ste 201 frederick md 21704 usa,,4f124aa5-e44c-4c4b-bef8-1dcb2fb5e55c
"Seneca Plaza, 1025 Seneca Rd, Great Falls, VA 22066, USA",seneca plaza 1025 seneca rd great falls va 22066 usa,,7a7aa657-dac9-4269-b579-8f4b652eef28
"1400 Spring St #300, Silver Spring, MD 20910, USA",1400 spring st #300 silver spring md 20910 usa,,5899792a-b449-41b2-8209-e246d8434acf
"14334 Old Marlboro Pike, Upper Marlboro, MD20772",14334 old marlboro pike upper marlboro md20772,,16d67303-0521-efa7-6982-6896d01804bf
"25055 Riding Plaza., Suite 290, Chantilly, VA 20152",25055 riding plaza ste 290 chantilly va 20152,,d46dc8b9-4b7f-cf4f-5972-db6f7d0b7e9c
"4367 Hollins Ferry Rd suite 4c, Halethorpe, MD 21227, USA",4367 hollins ferry rd ste 4c halethorpe md 21227 usa,,08573e36-be2f-296d-954d-e815de8a5c7b
"1896 Urbana Pike, Clarksburg, MD, USA",1896 urbana pike clarksburg md usa,,fe19620c-ac5f-4cc5-a588-316ca7d97e82
"4033 Silver Hill Rd, Hillcrest Heights, MD 20746, USA",4033 silver hill rd hillcrest heights md 20746 usa,,edf4433a-f59d-45fc-84e0-396077424811
"15511 Annapolis Rd #540, Bowie, MD 20715, USA",15511 annapolis rd #540 bowie md 20715 usa,,f824b592-aa2b-434e-836e-863c1af6f623
"6400 Seven Corners Pl, Falls Church, VA 22044, USA",6400 seven corners pl falls church va 22044 usa,,1f767915-cfa6-4e1e-96ca-7d1b78669f5f
"10905 Fort Washington Rd suite 203, Fort Washington, MD, USA",10905 fort washington rd ste 203 fort washington md usa,,90d100a9-0388-4e84-a6b5-0068df967ee6
"11404 Old Georgetown Rd., Suite 201, Rockville, MD 20852",11404 old georgetown rd ste 201 rockville md 20852,,f7bb00b5-df5f-7977-99f3-01bfe772d207
"552 Fort Evans Rd NE suite 100, Leesburg, VA, USA",552 fort evans rd ne ste 100 leesburg va usa,,cf6a7e43-4951-43dd-a78f-9970cac09a99
"516 N Rolling Rd suite 202, Catonsville, MD, USA",516 n rolling rd ste 202 catonsville md usa,,1c9e543d-fae8-484a-ae79-316f6802ee65
"19847 Century Blvd., Lobby B, Suite 215, Germantown, MD 20874",19847 century blvd lobby b ste 215 germantown md 20874,,75752eb1-6a3f-54fc-36dc-d4ad6cc00ca9
"46161 Westlake Dr, Sterling, VA 20165, USA",46161 westlake dr sterling va 20165 usa,,fb3ec11f-70e2-47be-9cb1-cae3335abd06
"3430 N High St, Olney, MD 20832, USA",3430 n high st olney md 20832 usa,,6052aa4d-fda6-4419-a0cf-463fde72da87
"201 Elden St, Herndon, VA 20170, USA",201 elden st herndon va 20170 usa,,4bf3d58e-7594-4597-ad36-3af10808f1f9
"7837 Rolling Rd, Springfield, VA 22153, USA",7837 rolling rd springfield va 22153 usa,,31e03063-4a6a-4704-bf8b-6b532d911c5b
"2440 Virginia Ave NW, Washington, DC 20037, USA",2440 virginia ave nw washington dc 20037 usa,,204670c7-265c-4f76-a072-08dc6976f70b
"13415 Kingsview Village Ave, Germantown, MD 20874, USA",13415 kingsview village ave germantown md 20874 usa,,93affb0d-6dc8-873c-2917-3fa5b73424de
"10006 Falls Rd, Potomac, MD 20854, USA",10006 falls rd potomac md 20854 usa,,c2f4158a-8dce-4edb-b123-69143e012388
"3940 Plank Rd., Suite N, Fredericksburg, VA 22407",3940 plank rd ste n fredericksburg va 22407,,f6a63d93-9915-391f-7759-7f7be3536f6d
"46175 Westlake Dr., Suite 220, Sterling, VA",46175 westlake dr ste 220 sterling va,,6b563477-4983-4433-a221-a88110986d35
10905 Fort Washington Rd. #207,10905 fort washington rd #207,,2c5f9e94-3ad8-4db7-a485-22d3ee86adbc
"3060 Mitchellville Rd suite 107, Bowie, MD, USA",3060 mitchellville rd ste 107 bowie md usa,,b7601f96-7065-4315-8aac-b2a9dbf21ea6
"1300 Spring St., Suite 215, Silver Spring, MD 20910",1300 spring st ste 215 silver spring md 20910,,4cbfa300-2c05-56f5-737c-14870a3d4575
"9001 Stuart Ln, Clinton, MD, USA",9001 stuart ln clinton md usa,,a8416080-5498-4a22-8b95-1b9c4d63264a
"6120 Executive Blvd #210, Rockville, MD, USA",6120 executive blvd #210 rockville md usa,,27396da4-22d9-e0f3-9117-91f623735d41
"216 W Montgomery Ave, Rockville, MD, USA",216 w montgomery ave rockville md usa,,d67cf60f-6ba6-4464-bc1a-509c40f6a209
"714 Cloverly St., Silver Spring, MD 20905",714 cloverly st silver spring md 20905,,d6cbf917-1d12-f270-79a0-939e8d40b18e
"7500 Iron Bar Lane Suite 201, Gainesville, VA, USA",7500 iron bar lane ste 201 gainesville va usa,,a487418e-84e2-4dad-a69a-9904df9d6e4a
"4210 Fairfax Corner Ave W suite 225, Fairfax, VA, USA",4210 fairfax corner ave w ste 225 fairfax va usa,,ee7f4dea-2270-eb72-5e3b-b882ac96ee70
"10509 Braddock Rd suite b, Fairfax, VA, USA",10509 braddock rd ste b fairfax va usa,,71849870-746e-4562-baba-00c197dfd371
"6120 Brandon Ave, Springfield, VA 22150, USA",6120 brandon ave springfield va 22150 usa,,6ff8a2a9-9fc0-4a9b-89c0-a16f8b2b2051
"707 Eastern Blvd, Essex, MD, USA",707 eastern blvd essex md usa,,ebe43d33-2ac9-47a4-8af6-c0ba036a5780
"9005 Chevrolet Dr 1 e, Ellicott City, MD 21042, USA",9005 chevrolet dr 1 e ellicott city md 21042 usa,,303a951c-154d-4143-b945-c9230a1c77d5
"13135 Lee Jackson Memorial Hwy Service Rd suite 110, Fairfax, VA, USA",13135 lee jackson memorial hwy service rd ste 110 fairfax va usa,,76750c31-c2fb-1937-7952-e038580eb02f
"3450 Old Washington Rd., Suite 301, Waldorf, MD 20602",3450 old washington rd ste 301 waldorf md 20602,,e9e62aa6-5134-eedb-760a-dd65871acb6b
"8206 Leesburg Pike suite 308, Tysons, VA, USA",8206 leesburg pike ste 308 tysons va usa,,85a7e6a1-c6e5-2164-dce1-071356c67335
"8630 Fenton St suite 718, Silver Spring, MD, USA",8630 fenton st ste 718 silver spring md usa,,eea47137-bb45-47ef-96df-54e06ab49244
"10401 Old Georgetown Rd, Bethesda, MD 20814, USA",10401 old georgetown rd bethesda md 20814 usa,,20b5747d-b5e5-465b-a9ec-622a2518569f
"7250 Woodmont Ave, Bethesda, MD 20814, USA",7250 woodmont ave bethesda md 20814 usa,,cfde57e7-3f26-4efa-8450-c3962678faaf
"13954 Baltimore Ave., Laurel, MD 20707",13954 baltimore ave laurel md 20707,,af8206af-977c-471d-a178-731453829ccb
"1104 Kenilworth Park Drive suite 102, Towson, MD 21204, USA",1104 kenilworth park dr ste 102 towson md 21204 usa,,95b1cccc-a142-146c-05e6-e31065edcfcb
"11800 Sunrise Valley Dr #1137, Reston, VA, USA",11800 sunrise valley dr #1137 reston va usa,,b8d836b5-a6df-5b5f-f752-bc8926cf8398
"101 S Whiting St Suite 313, Alexandria, VA 22304, USA",101 s whiting st ste 313 alexandria va 22304 usa,,040c406a-60f0-41f8-b16c-c072f0f42f72
"4605 Pinecrest Office Park Dr suite b, Alexandria, VA, USA",4605 pinecrest office park dr ste b alexandria va usa,,a57ef314-b45c-8c7f-f076-85dda38a3f0a
"6120 Brandon Ave #303, Springfield, VA 22150, USA",6120 brandon ave #303 springfield va 22150 usa,,28edb9b9-8e01-4307-b257-1e37428d6eaa
"8895 Centre Park Dr suite d, Columbia, MD, USA",8895 centre park dr ste d columbia md usa,,8b3202e0-cbf2-45a3-86c8-6a9092ae8859
"5928 Hubbard Drive, Rockville, MD, USA",5928 hubbard dr rockville md usa,,7b20c1ff-6e77-e16d-fd37-6f153e240c92
"1300 Spring St., Suite 215, Silver Spring, MD	20910",1300 spring st ste 215 silver spring md 20910,,ef9a3447-3424-482d-f5a2-216b3862d1a5
"Kennett Dental, McFarlan Road, Kennett Square, PA, USA",kennett dental mcfarlan rd kennett square pa usa,,c7fa3d1c-5560-404c-acbf-103857232767
"1075 Berkshire Blvd suite 850, Wyomissing, PA 19610, USA",1075 berkshire blvd ste 850 wyomissing pa 19610 usa,,9261d8ae-31dd-72fc-40e2-d6273dd15395
"500 Independence Blvd., Sicklerville, NJ 08081",500 independence blvd sicklerville nj 08081,,5ed5a952-b201-4bc0-95f6-4bbc6cd265ea
"700 Rt 130N Suite 204 Cinnaminson, NJ 08077",700 rt 130n ste 204 cinnaminson nj 08077,,80137a0d-3bf7-4673-b271-e4f3b7368d47
"505 Station Ave, Haddon Heights, NJ 08035, USA",505 station ave haddon heights nj 08035 usa,,eb62eb11-d5cc-4942-b18f-3961b6e0fed1
"410 N Broad St., Lansdale, PA 19446",410 n broad st lansdale pa 19446,,3e4496d3-aab2-45c8-ad60-75e46ae97bc8
"499 Beckett Rd suite 102, Logan Township, NJ 08085, USA",499 beckett rd ste 102 logan township nj 08085 usa,,7cfa594c-50fa-491e-9023-ab9726c41587
"16 Industrial Blvd., Suite 216, Paoli, PA 19301",16 industrial blvd ste 216 paoli pa 19301,,b9df2be2-45cc-8ef9-966c-1ae90edbd94f
"Parkesburg Family Dental, LLC, West Lincoln Highway, Parkesburg, PA, USA",parkesburg family dental llc west lincoln highway parkesburg pa usa,,082cf487-4936-48e2-be4c-d0533970f2f3
"483 S Oxford Valley Rd, Fairless Hills, PA, USA",483 s oxford valley rd fairless hills pa usa,,f6976d1b-ad1c-423a-83a7-e99de61a9998
"1486 Blackwood Clementon Road, Clementon, NJ, USA",1486 blackwood clementon rd clementon nj usa,,8c22a5dc-273d-40c1-9976-ba6878fe8f5f
"Independence Dental Group - Steven Gelbart DDS, South 7th Street, Philadelphia, PA, USA",independence dental group - steven gelbart dds south 7th st philadelphia pa usa,,52bf6dc8-aa13-476a-8476-d634db87ec44
"31 Covered Bridge Rd, Cherry Hill, NJ 08034, USA",31 covered bridge rd cherry hill nj 08034 usa,,8f74b035-4d1f-461e-8cd6-992c97c8933a
"520 Stokes Rd, Medford, NJ 08055, USA",520 stokes rd medford nj 08055 usa,,34625f54-14d3-476e-8076-b7b7da66bd6d
"200 E Jimmie Leeds Rd, Absecon, NJ 08205, USA",200 e jimmie leeds rd absecon nj 08205 usa,,a44860aa-d5f7-41cc-8118-809262213b57
"3104 Bridgeboro Rd., Suite A, Delran, NJ	08075",3104 bridgeboro rd ste a delran nj 08075,,1de000ad-f886-3608-13ad-686300542457
"23 S Washington Ave., Suite 1A, Margate, NJ 08402",23 s washington ave ste 1a margate nj 08402,,654d941e-2899-1203-6f0b-11d933b61f2d
"231 Clarksville Rd, West Windsor Township, NJ, USA",231 clarksville rd west windsor township nj usa,,6314db58-fe18-4dbc-a050-6539e4ab3197
"239 Taunton Blvd., Suite C, Medford, NJ 08055",239 taunton blvd ste c medford nj 08055,,0aa387d6-b5ef-bd35-e235-f33c4864fa8e
"254 East Gibbsboro Road, Lindenwold, NJ, USA",254 east gibbsboro rd lindenwold nj usa,,cf146395-a502-44f1-a0f1-a5fbd47528d2
"2627 Nottingham Way, Mercerville, NJ 08619",2627 nottingham way mercerville nj 08619,,512ae175-3c66-4618-80f3-912f584b048d
"865 Easton Rd suite 110, Warrington, PA, USA",865 easton rd ste 110 warrington pa usa,,ab8d7fe9-ff9e-485d-9fb9-9228cd78abde
"2312 Whitehorse Mercerville Rd Suite 202, Mercerville, NJ 08619, USA",2312 whitehorse mercerville rd ste 202 mercerville nj 08619 usa,,fdd25ae2-fea0-448d-9aa9-cf5c54e113da
"110 Trenton Ave suite 1, Barrington, NJ 08007, USA",110 trenton ave ste 1 barrington nj 08007 usa,,d0130563-93d4-a841-96b6-aa7afdad0744
"91 Chestnut Rd, Paoli, PA 19301, USA",91 chestnut rd paoli pa 19301 usa,,ed57eec4-f20a-4466-951f-7935b56138fd
"292 Hurffville Grenloch Rd., Suite 100, Sewell, NJ 08080",292 hurffville grenloch rd ste 100 sewell nj 08080,,ac761530-5a92-2f2e-5a13-d14f156da0a0
"4608 Westfield Ave, Pennsauken Township, NJ, USA",4608 westfield ave pennsauken township nj usa,,682086a6-994b-4a3d-a081-c691682aa7b2
"4077 West Skippack Pike, Skippack, PA, USA",4077 west skippack pike skippack pa usa,,39e2c398-dfa8-413b-85b2-3e2ccee558bd
"Bentz Dental Group, Dekalb Pike, East Norriton, PA, USA",bentz dental group dekalb pike east norriton pa usa,,2a2def74-e787-4d3c-9e0f-ba3943132d87
"Lakeside Dental, 601 Liberty Place, Sicklerville, NJ, USA",lakeside dental 601 liberty place sicklerville nj usa,,72bd8e65-22ea-4722-a75f-eebc895b60d9
"435 W Landis Ave, Vineland, NJ 08360, USA",435 w landis ave vineland nj 08360 usa,,ff0a2c1e-69b7-4416-aa93-8b8ed135da8d
"107 W Jersey Ave Pitman, NJ 08071",107 w jersey ave pitman nj 08071,,ea017af6-6b93-4ba8-abf4-3ab21bc81c0e
"508 Front St., Elmer, NJ 08318",508 front st elmer nj 08318,,85377dae-77c4-4bf1-8832-0003a9759858
"900 S Rte 9, Cape May Court House, NJ 08210, USA",900 s rte 9 cape may court house nj 08210 usa,,3a1f5531-acce-46ed-83c8-f587ad6e9b2a
"Lionville Professional Center, 67 Dowlin Forge Rd, Exton, PA 19341, USA",lionville professional center 67 dowlin forge rd exton pa 19341 usa,,5c5891f3-1c34-41f5-b01a-e25b68c871ad
"By the Sea Dentistry, 235 Shore, Rd. Ste. A, Somers Point, NJ 08244",by the sea dentistry 235 shore rd ste a somers point nj 08244,,16b0e140-6916-2853-5570-22c486bd7f34
2050 West Chester Pike,2050 west chester pike,,a7236a9f-b8b6-8c96-4ba8-3f13f3ba4c42
"Jerry Popeck Family & Cosmetic Dentistry, North Broadway, Pennsville Township, NJ, USA",jerry popeck family & cosmetic dentistry north broadway pennsville township nj usa,,9156dbf3-a0a4-485d-aba9-395a80bb93b4
"539 Egg Harbor Rd., Suite 4, Sewell, NJ 08080",539 egg harbor rd ste 4 sewell nj 08080,,57beddc9-1449-46ce-a83f-7dcda0d63b3c
"1200 South Church St. Suite 107 Mt Laurel, NJ 08054",1200 south church st ste 107 mt laurel nj 08054,,4f645368-7dc4-4932-ab81-ed1acfdfc58a
"4450 Black Horse Pike, Mays Landing, NJ, USA",4450 black horse pike mays landing nj usa,,4ae053eb-6247-4394-93a0-44f8c896b60c
"4 Burton Ln Suite 200, Mullica Hill, NJ 08062, USA",4 burton ln ste 200 mullica hill nj 08062 usa,,15f86487-c243-4703-99f6-e2023ddbd595
"950 Kings Hwy. N, Suite 306, Cherry Hill, NJ 08034",950 kings hwy n ste 306 cherry hill nj 08034,,ec2d3eae-9cd0-47c9-ac46-56a3b4114369
"402 Independence Blvd., Sicklerville, NJ 08081",402 independence blvd sicklerville nj 08081,,332c53be-a4c3-4450-91fd-f803d1bb1293
"1818 Market Street, 1818 Market St, Philadelphia, PA 19103, USA",1818 market st 1818 market st philadelphia pa 19103 usa,,19e74f04-09c3-47c7-983d-42838690931c
"800 Main St suite 102, Hellertown, PA, USA",800 main st ste 102 hellertown pa usa,,d0bb1677-939a-49e0-8bc3-74b76eae0ae3
"275 Wilmington West Chester Pike suite 111, Chadds Ford, PA 19317, USA",275 wilmington west chester pike ste 111 chadds ford pa 19317 usa,,65ac447a-968e-69a9-3d17-7db4235ef8da
"564 Lippincott Dr, Marlton, NJ, USA",564 lippincott dr marlton nj usa,,3a26759b-2549-10a9-2420-2b1969b65b2f
"102 Conner Rd., Suite C, Oxford, PA 19363",102 conner rd ste c oxford pa 19363,,400635b3-d753-4370-b2c2-10d6bed6b5ff
"123 Main St suite 2, Gloucester, MA, USA",123 main st ste 2 gloucester ma usa,,9492d47d-2543-4109-84f9-08427829cc25
"872 Massachusetts Ave., Suite 2-4, Cambridge, MA 02139",872 massachusetts ave ste 2-4 cambridge ma 02139,,85a04757-f135-4b20-9efd-3cd074b5b773
290 Ferry St.	Malden	MA 	02148,290 ferry st malden ma 02148,,3ba19837-fa00-4112-a4ad-5021bcd3ac03
"270 Main St., Reading, MA 01867",270 main st reading ma 01867,,5508f4a1-6ee8-e151-b58f-2f1bce499005
"1212 Hancock St suite 100, Quincy, MA, USA",1212 hancock st ste 100 quincy ma usa,,1f8523a2-0fc9-46cd-8a75-518fd310b86d
"Family Dental and Implant Center of Malden, Pleasant Street, Malden, MA, USA",family dental and implant center of malden pleasant st malden ma usa,,edd0aaea-c29a-454b-b333-118353756b5c
"290 Ferry St., Malden, MA 02148",290 ferry st malden ma 02148,,c540edf7-9dfb-4a1f-93b6-6c4b2296027d
"234D Pleasant St, Methuen, MA 01844, USA",234d pleasant st methuen ma 01844 usa,,8a03d932-19e5-13b6-94fa-53a3d28e4a53
"Dr. Bruce M. Doyle, D.M.D., Main Street, Stoneham, MA, USA",dr bruce m doyle dmd main st stoneham ma usa,,5aaca484-799e-43c4-bd81-3253b411aec5
"770 Purchase St., New Bedford, MA	02740",770 purchase st new bedford ma 02740,,f467312e-2950-a038-24ae-6b214e7526ef
"114 Washington St, Dorchester, MA, USA",114 washington st dorchester ma usa,,54e74382-aedc-d2a8-8e52-67df5a727c02
"75 Trapelo Rd., Belmont, MA 02478",75 trapelo rd belmont ma 02478,,1e213f89-4c78-2b2d-f970-ed1994a340df
"75 Herrick St suite 212, Beverly, MA, USA",75 herrick st ste 212 beverly ma usa,,e98a9385-3ce9-43a4-af49-f349801af284
"Drs. McCarthy and Schiff, DMD, South Street, Pittsfield, MA, USA",drs mccarthy and schiff dmd south st pittsfield ma usa,,fc2cd995-1833-4db2-933b-fcd5313b0e4f
"1 Thompson Square STE 203, Charlestown, MA, USA",1 thompson square ste 203 charlestown ma usa,,651fc993-0c57-451e-b616-c8fec8f5f91c
"Grace Dental Care, Governors Avenue, Medford, MA, USA",grace dental care governors ave medford ma usa,,e6102c88-199a-47ea-8a4b-fce487c41671
"Sassaquin Dental Associates, Acushnet Avenue, New Bedford, MA, USA",sassaquin dental associates acushnet ave new bedford ma usa,,ba12680d-29ed-4d1c-8a5c-422d24814058
"165 Middle Turnpike W, Manchester, CT	06040",165 middle turnpike w manchester ct 06040,,55d48233-407e-0669-edc5-3a25b8eeb39e
"Klein Alan DDS, 944 North Broadway, Yonkers, NY, USA",klein alan dds 944 north broadway yonkers ny usa,,385fc998-7606-43a7-886c-f12a0d903893
"58 W Main St suite 1, Plainville, CT 06062, USA",58 w main st ste 1 plainville ct 06062 usa,,e4fa261e-051a-a14b-297c-e6f667ae4029
"1389 W Main St., Suite 202, Waterbury, CT 06708",1389 w main st ste 202 waterbury ct 06708,,fd63d28d-bd2c-f5cc-2a04-d9a1a768d541
"191 Boulevard, Hasbrouck Heights, NJ, USA",191 blvd hasbrouck heights nj usa,,e5cd5ef6-ac11-4ac8-91a4-639d68e4bd50
"550 Connecticut Ave, Norwalk, CT, USA",550 connecticut ave norwalk ct usa,,eee375e6-72b6-46d8-9b2b-db8411de2360
"304 E 41st St, New York, NY 10017, USA",304 e 41st st new york ny 10017 usa,,bd782d7a-1e76-4252-a688-6cd439a69c23
"530 Prospect Ave, Little Silver, NJ, USA",530 prospect ave little silver nj usa,,deca0ee0-a67d-4d84-ac2c-07099bd548ad
"326 Ernston Rd, Parlin, NJ, USA",326 ernston rd parlin nj usa,,cf74d371-3007-4c53-ba04-391a6034e4b1
"Squan Family Dentistry, Broad Street, Manasquan, NJ, USA",squan family dentistry broad st manasquan nj usa,,8d7a9ba1-f9f6-473c-a56e-06ce4ff3052a
"100 West Veterans Highway suite 4, Jackson Township, NJ, USA",100 west veterans highway ste 4 jackson township nj usa,,d32cf463-8af8-4d6a-aece-335a5706a9ba
"121 NJ-36 #100, West Long Branch, NJ 07764, USA",121 nj-36 #100 west long branch nj 07764 usa,,b9107edb-a8a1-472c-a93f-d9ea78152805
"41-B West Merrick Rd., Valley Stream, NY 11580",41-b west merrick rd valley stream ny 11580,,8b63faed-b510-356f-aae9-e1a59e337d0a
"Deluxe Dentistry-General-Emergency-Cosmetic-Implant-Sedation-Dentistry, 100 Federal City Road, Lawrenceville, NJ, USA",deluxe dentistry-general-emergency-cosmetic-implant-sedation-dentistry 100 federal city rd lawrenceville nj usa,,f2428048-068c-42ad-90e3-06872e36bb5e
"1961 Morris Ave suite b4, Union, NJ 07083, USA",1961 morris ave ste b4 union nj 07083 usa,,01dc0ca4-5877-794c-cc61-3f97fb52ceae
"46 Fox St., Suite 3, Poughkeepsie NY",46 fox st ste 3 poughkeepsie ny,,ed1a9124-f489-4c38-b30b-50478565ce1b
"822 Prospect Ave, Westbury, NY, USA",822 prospect ave westbury ny usa,,6cc18964-bfda-4cae-b36b-73381861bcb1
"190 E High St suite 1, East Hampton, CT 06424, USA",190 e high st ste 1 east hampton ct 06424 usa,,b3609191-d916-48b2-9e52-800a3fb71c83
"370 Kings Mall Ct, Kingston, NY, USA",370 kings mall ct kingston ny usa,,7ac25af4-0601-4271-8037-bed0a94cd442
"241 Washington Ave, Pine Beach, NJ, USA",241 washington ave pine beach nj usa,,103de62c-11f2-45e5-ab70-35975806bf68
"1155 NJ-72, Manahawkin, NJ 08050, USA",1155 nj-72 manahawkin nj 08050 usa,,5138b193-51d3-45bc-a796-33f5ec14436a
"East Main Dental, PC, East Main Street, Meriden, CT, USA",east main dental pc east main st meriden ct usa,,aa707978-4e0a-4eaf-b9ef-d50e3e7972d4
"640 Fulton St., Suite 3, Farmingdale, NY 11735",640 fulton st ste 3 farmingdale ny 11735,,3061dd5f-9deb-62ce-e6dc-cd67a886bf62
"1192 Farmington Ave, Bristol, CT 06010, USA",1192 farmington ave bristol ct 06010 usa,,4a16e935-499d-3675-aa84-b1075ba631d7
"17 Broadway, North Haven, CT 06473, USA",17 broadway north haven ct 06473 usa,,854caf67-ad35-4ad2-9dfa-a7cd7b2e8dd2
"551 Anderson Ave 1st floor, Cliffside Park, NJ, USA",551 anderson ave 1st floor cliffside park nj usa,,29415976-7987-4e72-870f-b6c5a819385b
"6500 Main Street, Trumbull, CT, USA",6500 main st trumbull ct usa,,cb680173-f84c-4b8f-b7ef-d476d5747ca9
"4262 Richmond Ave., Staten Island, NY 10312",4262 richmond ave staten island ny 10312,,76bd5b18-ed1d-c39b-efaa-3483afdcaf68
"Dental On The Hudson, Henry Hudson Parkway, The Bronx, NY, USA",dental on the hudson henry hudson parkway the bronx ny usa,,b1a23e81-9bc5-488e-a75a-b2fc3033022f
"Healthy Smile Dental Arts, Broadway, New York, NY, USA",healthy smile dental arts broadway new york ny usa,,a2a75a71-0b92-4558-a8ef-79a92ab04c1f
"173 Terrace St., Haworth, NJ 07641",173 terrace st haworth nj 07641,,b38dac8b-ae89-67c8-8008-e14da4fd6576
"662 Main St, Islip, NY, USA",662 main st islip ny usa,,aaed51ad-0947-4c13-a45d-c02d464e0286
"AVF Dental, 176 North Village Avenue, Rockville Centre, NY, USA",avf dental 176 north village ave rockville centre ny usa,,8bfbd132-9a0d-4195-9410-3c7b78dc105d
"128 Sand Ln fl 1, Staten Island, NY 10305, USA",128 sand ln fl 1 staten island ny 10305 usa,,e2c05d7e-5997-3942-7243-40565890ef76
"146 Maple Ave, Red Bank, NJ, USA",146 maple ave red bank nj usa,,44a89664-271c-fe6a-0cab-1395c3130c0c
"232b E Main St, Patchogue, NY, USA",232b e main st patchogue ny usa,,420c1aa4-08d3-4f17-983c-64087db1b3d4
"265 E Main St, Oceanport, NJ, USA",265 e main st oceanport nj usa,,56f5dd7c-7255-48f5-9716-6d0079aa2585
"21 S Hope Chapel Rd suite 124, Jackson Township, NJ 08527, USA",21 s hope chapel rd ste 124 jackson township nj 08527 usa,,0cccf868-47e1-32d5-b9a3-479641002369
"375 East Main Street suite 19, Bay Shore, NY, USA",375 east main st ste 19 bay shore ny usa,,c30043e2-70e4-4fbb-a771-a6b31438b31f
"Chaskes Paul A DDS, Merrick Road, Massapequa, NY, USA",chaskes paul a dds merrick rd massapequa ny usa,,2e2fa66a-3390-4ec9-bc80-8e5a0374885b
"True Pediatric Dental Care, Elm Street, West Haven, CT, USA",true pediatric dental care elm st west haven ct usa,,c4144f20-ce77-4b4d-a4ef-9091b227f0c2
"11 Medical Park Dr., Suite 201, Pomona, NY 10970",11 medical park dr ste 201 pomona ny 10970,,4f4aee0e-a71d-ab0f-a311-7f6b956b8efa
"Brooklyn Family Dental, Myrtle Avenue, Brooklyn, NY, USA",brooklyn family dental myrtle ave brooklyn ny usa,,803c3bc0-29d0-4e4d-9b21-29acd51618f0
"1420 Avenue P 2 fl, Brooklyn, NY, USA",1420 ave p 2 fl brooklyn ny usa,,1b8ccac3-c372-4e1c-9561-289c269e3587
"1885 Rockaway Parkway, Brooklyn, NY, USA",1885 rockaway parkway brooklyn ny usa,,ef4a2dfb-90a2-64f6-b7b2-be1ab3fc0ae2
"East Cedar Dental of Newington, East Cedar Street, Newington, CT, USA",east cedar dental of newington east cedar st newington ct usa,,51c8fe96-5e4e-4386-b57e-50396904de0a
"116-20 Queens Blvd., Forest Hills NY 11375",116-20 queens blvd forest hills ny 11375,,53536691-b979-ef65-59ce-3014148ffa7e
"1527 NJ-27, Suite 2700, Somerset, NJ 08873",1527 nj-27 ste 2700 somerset nj 08873,,5fc00883-94cc-cac0-2a92-57e593d34450
"30 Central Park S #14b, New York, NY 10019, USA",30 central park s #14b new york ny 10019 usa,,9846d8e3-388f-4268-b4e0-d77efc627b36
"1 Bradley Rd., Suite 905, Woodbridge, CT 06505",1 bradley rd ste 905 woodbridge ct 06505,,fa6238f7-24ba-40f6-85ac-98f9e1a3da41
"901 Farmington Ave suite 201, West Hartford, CT, USA",901 farmington ave ste 201 west hartford ct usa,,235f234d-008b-9ce1-188d-4ab3c5a5cc89
"2809 Middletown Rd, The Bronx, NY, USA",2809 middletown rd the bronx ny usa,,e85a83a5-7fd4-4c6b-a828-2bc58c402d9e
"57 W 57th St #705, New York, NY 10019, USA",57 w 57th st #705 new york ny 10019 usa,,509e5d05-59f7-4ac3-8723-81d547d8d30c
"393 Ramapo Valley Rd, Oakland, NJ, USA",393 ramapo valley rd oakland nj usa,,26a65658-f7ad-4274-ba59-3d519bf63e32
"143 N Carll Ave., Babylon, NY 11702",143 n carll ave babylon ny 11702,,b8c5ecce-da1d-ac03-5411-815a159e3d79
"Dr. Ira Grosser DDS, North Village Avenue, Rockville Centre, NY, USA",dr ira grosser dds north village ave rockville centre ny usa,,c94fca87-91f3-44f6-b70a-9963d50ac7ce
"600 W 146th St., Suite 1, New York, NY 10031",600 w 146th st ste 1 new york ny 10031,,ec69cd84-0cc0-f2dc-0dfc-d446faf84599
"264 Broad St., Bloomfield, NJ 07003",264 broad st bloomfield nj 07003,,d1fcca5e-f167-97d4-5e3b-ae8208c8d19f
"614 Ocean Ave. N, Long Branch, NJ 07740",614 ocean ave n long branch nj 07740,,2f956b3a-0b79-69ac-196a-fcf70efb9544
"1024 Park Ave #1, Plainfield, NJ 07060, USA",1024 park ave #1 plainfield nj 07060 usa,,92454abf-e358-4cde-9d0e-a281fd25f100
"Dr. Paul W. Alberg, DMD, Union Street, Hackensack, NJ, USA",dr paul w alberg dmd union st hackensack nj usa,,52d212fb-762e-4e67-b54a-bc6e0182064b
"2350 Ocean Ave suite 6, Brooklyn, NY 11229, USA",2350 ocean ave ste 6 brooklyn ny 11229 usa,,3bb7c808-38a7-3596-efde-256f38f6daab
"Dr. Thomas Torre DMD {Family, Cosmetic and Implant Dentistry }, Franklin Avenue, Nutley, NJ, USA",dr thomas torre dmd {family cosmetic and implant dentistry } franklin ave nutley nj usa,,0aacf172-a3bb-42a2-b4b2-3f8a7f7e063b
"45 Rockaway Parkway, Valley Stream, NY 11580, USA",45 rockaway parkway valley stream ny 11580 usa,,a1fe9b16-d5c0-158e-8c7c-1dccc2834139
"Dr. Allan Lebovitz, DDS, Ocean Avenue, Brooklyn, NY, USA",dr allan lebovitz dds ocean ave brooklyn ny usa,,5d079601-c2ff-4cb5-89d8-ac65b577ffde
"Dr. Claudia Botero-Mondul, Main Street, Hackensack, NJ, USA",dr claudia botero-mondul main st hackensack nj usa,,d62b5af8-8f14-476d-b050-55f64cafe169
"Dr. Erika Munoz, DMD, South Washington Avenue, Bergenfield, NJ, USA",dr erika munoz dmd south washington ave bergenfield nj usa,,d7c17080-03ee-4f6a-a8fb-a72344ceec94
"680 W 204th St suite 1c, New York, NY 10034, USA",680 w 204th st ste 1c new york ny 10034 usa,,672fe1ed-f9db-2780-3d12-d844239a78c9
"Hillside Family Dental, 205-07 Hillside Ave., Hollis, NY 11423, USA",hillside family dental 205-07 hillside ave hollis ny 11423 usa,,9b663e99-e470-ec6a-68ee-b6f71e93a801
"181 Main St, Norwalk, CT, USA",181 main st norwalk ct usa,,f65b103e-244c-42fb-bd1d-6db5de00d0da
"647 Forest Ave, Staten Island, NY, USA",647 forest ave staten island ny usa,,85b8d625-c52c-6a52-c643-48b1834a1806
"2001 Avenue P, Brooklyn, NY, USA",2001 ave p brooklyn ny usa,,a7c24684-cc9c-4a1b-b625-dbe72cc0215e
"2660 Main St suite 217, Bridgeport, CT 06606, USA",2660 main st ste 217 bridgeport ct 06606 usa,,5d7eeffe-4823-f577-1990-936f475873f5
"175 Memorial Hwy suite 1 11, New Rochelle, NY, USA",175 memorial hwy ste 1 11 new rochelle ny usa,,80dbfbbf-0e75-40e4-950e-8426baee8f00
"105 Stevens Ave #302, Mount Vernon, NY, USA",105 stevens ave #302 mount vernon ny usa,,e3ec4bb5-519f-4531-bb72-20b9fd64bf65
"Luxury Dental, PC, 2442 Ocean Ave, Brooklyn, NY 11229, USA",luxury dental pc 2442 ocean ave brooklyn ny 11229 usa,,1b205660-c370-a286-68c8-c47b94644786
"2579 E 17th St suite 11, Brooklyn, NY 11235, USA",2579 e 17th st ste 11 brooklyn ny 11235 usa,,6fa6cc5a-a89e-b057-d446-b2cd43d20249
"238 Ernston Rd, Parlin, NJ, USA",238 ernston rd parlin nj usa,,1cc6adad-0408-4b20-9168-6a6430e87df7
"1550 University Ave., Bronx NY 10452",1550 university ave bronx ny 10452,,bad39b4d-7154-4a49-af43-8b7824de62c4
"315 Meeting House Ln, Southampton, NY 11968, USA",315 meeting house ln southampton ny 11968 usa,,2c4788f7-c533-026c-6969-cd3230279dac
"Erica Anand DDS PC, Merrick Road, Merrick, NY, USA",erica anand dds pc merrick rd merrick ny usa,,f4fc49b0-8086-40c8-bb3f-922f63e98b09
"2040 Millburn Ave, Maplewood, NJ 07040, USA",2040 millburn ave maplewood nj 07040 usa,,e76c4dea-6285-4ff2-9982-191465d2bf5b
"38 Beekman Ave, Sleepy Hollow, NY, USA",38 beekman ave sleepy hollow ny usa,,7c807cf5-b671-a121-7c19-90a1493b0a3e
"320 Jay Street, Brooklyn, NY, USA",320 jay st brooklyn ny usa,,4948cf77-bc24-40e0-4975-061d1fa1cafd
"161 Washington Rd, Sayreville, NJ, USA",161 washington rd sayreville nj usa,,ade364ad-92f3-47b0-b38a-15eaf3d04c88
"445 Brick Blvd STE 101, Brick Township, NJ 08723, USA",445 brick blvd ste 101 brick township nj 08723 usa,,ca2ace35-b878-4da5-af01-b027360e53fd
"751 U.S. 206 suite 111, Hillsborough Township, NJ, USA",751 us 206 ste 111 hillsborough township nj usa,,0b6d6b44-d0c4-492e-b067-311d58642899
"540 Vail Rd, Parsippany, NJ 07054, USA",540 vail rd parsippany nj 07054 usa,,6cd57453-7b09-4b6b-b44c-ba1836c99903
"Wantagh Seaford Pediatric Dentistry, Merrick Road, Seaford, NY, USA",wantagh seaford pediatric dentistry merrick rd seaford ny usa,,88dfd24a-d1bd-4339-801c-e6164604853f
"Personal Touch Dentistry: Wilma F. Antonio, DDS, White Plains Road, Eastchester, NY, USA",personal touch dentistry: wilma f antonio dds white plains rd eastchester ny usa,,2611e42b-c78d-43c2-9b0a-acf9bb759abd
"Aesthetic Dental, 9252 John F. Kennedy Boulevard, North Bergen, NJ, USA",aesthetic dental 9252 john f kennedy blvd north bergen nj usa,,93787d0a-5bed-420c-84c5-00f4af5f3e94
"Fleetwood Dental, Gramatan Avenue, Mount Vernon, NY, USA",fleetwood dental gramatan ave mount vernon ny usa,,67425680-366d-4148-a243-ea0a3622da3b
"2701 Rte 70, Manasquan, NJ, USA",2701 rte 70 manasquan nj usa,,b9ef8724-97b2-6f12-c3d4-b5006c234b06
"Weiss Advanced Dentistry PLLC, North Main Street, Southington, CT, USA",weiss advanced dentistry pllc north main st southington ct usa,,5e9162e2-fe7d-4ad1-a778-ff42d95a9769
"202 Market St, Saddle Brook, NJ 07663",202 market st saddle brook nj 07663,,b0c1e96c-3b5a-4ebc-a4b3-5bfbd9fd9a76
"620 Shrewsbury Ave., Tinton Falls, NJ 07701",620 shrewsbury ave tinton falls nj 07701,,7c89783a-4c58-71d3-1cae-8a5198fb8e50
"1963 Grand Concourse, The Bronx, NY, USA",1963 grand concourse the bronx ny usa,,e473e38c-6437-aa86-74a5-8883a0b2a38e
"124 E 170th St., Bronx, NY",124 e 170th st bronx ny,,2ed4117c-faff-424d-b6a2-c9173a72d903
"60-79 Myrtle Ave, Queens, NY, USA",60-79 myrtle ave queens ny usa,,b1bbf0a4-7b3f-4f9a-980f-0500fdfba3c6
"Maria D. Herrera Dentistry PC, 91st Street, Jackson Heights, NY, USA",maria d herrera dentistry pc 91st st jackson heights ny usa,,cce20e60-4c93-483f-a6ef-7fe6885fa19f
"Delia Dentistry PC, Main Street, Hastings-on-Hudson, NY, USA",delia dentistry pc main st hastings-on-hudson ny usa,,774d752a-77cc-45fa-919f-98f7a6181265
"1069 Green Acres Mall, Valley Stream NY",1069 green acres mall valley stream ny,,2902e822-e2dd-4852-94a1-8ca926668caf
"Time For Smiles Dental Center, Savin Avenue, West Haven, CT, USA",time for smiles dental center savin ave west haven ct usa,,1e64db98-40f6-4660-aa68-4e3397cfc6c2
"81 Wyncrest Rd, Marlboro, NJ 07746, USA",81 wyncrest rd marlboro nj 07746 usa,,e8349f97-2ae3-4a02-92bb-136c4f906a75
"115 US Hgwy 46, Mountain Lakes Business Park Building E33, Mountain Lakes, NJ 07046",115 us hgwy 46 mountain lakes business park building e33 mountain lakes nj 07046,,4f9b5516-34c7-4268-9c59-4d6513dd9945
"941 New Jersey 37, Toms River, NJ, USA",941 new jersey 37 toms river nj usa,,f5f87cc0-d6db-4e12-8ba3-878417db8479
"The Center for High Tech Dentistry, East 72nd Street, New York, NY, USA",the center for high tech dentistry east 72nd st new york ny usa,,1b00f0ad-d47c-4f1b-b100-b4e4e549156a
"801 N Wood Ave, Linden, NJ 07036, USA",801 n wood ave linden nj 07036 usa,,b4d52197-e07f-43cd-9c14-cbc72cd2a9e8
"131 6th Ave, Brooklyn, NY 11217, USA",131 6th ave brooklyn ny 11217 usa,,12783818-8021-22e5-4aab-976fd92f7b72
"288 State St, Perth Amboy, NJ, USA",288 state st perth amboy nj usa,,9cb9150f-e201-4667-a82f-3d3b5574101d
"286 NJ-35, Eatontown, NJ, USA",286 nj-35 eatontown nj usa,,9b503aaf-c6f0-4c79-812b-30813962991b
"647 NJ-18, East Brunswick, NJ 08816",647 nj-18 east brunswick nj 08816,,1bcd41a1-6b62-166b-c536-6ff3c26914db
"950 Yale Ave, Wallingford, CT, USA",950 yale ave wallingford ct usa,,7b4fba0e-bbb3-4df0-b84c-d246fe6116cf
"4 Main St., Sparta Township, NJ 07871",4 main st sparta township nj 07871,,8d451c89-5cd2-4110-8636-7433bc3354ed
"302 Greenwich Street, Hempstead, NY, USA",302 greenwich st hempstead ny usa,,a9bb52ff-2068-b12b-12d5-b9a0442fd0c8
"387 Hwy 79, Morganville, NJ 07751, USA",387 hwy 79 morganville nj 07751 usa,,0cf088e8-4f69-8884-908f-69c2d2e160c4
"28-18 Steinway St., Astoria, NY 11103",28-18 steinway st astoria ny 11103,,74465f93-c047-fd61-aca9-f68a14038dbe
"2433 Old Bridge Matawan Road unit c, Old Bridge, NJ, USA",2433 old bridge matawan rd unit c old bridge nj usa,,922c4cfb-588e-405c-b742-63f5bc9023ab
"1679 New York Ave, Huntington Station, NY, USA",1679 new york ave huntington station ny usa,,313b5d68-8013-42a0-9f73-c6e6c51915e2
"Dr. Nida Soriano-Bartolome, Lockwood Avenue, New Rochelle, NY, USA",dr nida soriano-bartolome lockwood ave new rochelle ny usa,,f977b5b9-6d0a-44cd-9361-3852ddac0a58
"545 Gramatan Ave, Mount Vernon, NY 10552, USA",545 gramatan ave mount vernon ny 10552 usa,,b546b577-4a19-680e-9d8b-1ad7e5cf7b69
"3086 State Route 27 suite 5, Kendall Park, NJ, USA",3086 state route 27 ste 5 kendall park nj usa,,f49fd7a0-813b-4b55-bae0-cfd062ca0111
"19651 Bruce B Downs Blvd Suite A-1, Tampa FL 33647",19651 bruce b downs blvd ste a-1 tampa fl 33647,,d8340027-95a5-4593-871b-e0a518c09b8d
"3007 Ridgeline Blvd suite a, Tarpon Springs, FL, USA",3007 ridgeline blvd ste a tarpon springs fl usa,,cfb0181f-cb17-4125-bb1b-8c546e8e71ff
"6150 Metrowest Blvd suite 207, Orlando, FL 32835, USA",6150 metrowest blvd ste 207 orlando fl 32835 usa,,408b0577-9b73-3ab0-5616-63387d4b05d9
"1450 Rock Springs Road, Apopka, FL, USA",1450 rock springs rd apopka fl usa,,1eb87dce-3dde-4818-a689-9fdb935bd432
"1200 E Robinson St, Orlando, FL, USA",1200 e robinson st orlando fl usa,,f6cea0c5-998d-4c8b-8c30-85a812f5fd52
"4267 W Lake Mary Blvd., Lake Mary, FL 32746",4267 w lake mary blvd lake mary fl 32746,,5744102c-245a-115d-fbff-ee03bcf1a5de
"611 South Dixie Freeway, New Smyrna Beach, FL, USA",611 south dixie freeway new smyrna beach fl usa,,63dd7658-4db3-e674-3641-5c98bc4e1276
"8255 Lee Vista Blvd unit f g, Orlando, FL, USA",8255 lee vista blvd unit f g orlando fl usa,,0e57accd-6e54-4d25-871b-4be50e0def51
"1202 Cypress Glen Cir, Kissimmee, FL, USA",1202 cypress glen cir kissimmee fl usa,,a104225d-a8b8-4073-8871-7f5cb327fa06
"1332 N Federal Hwy, Lake Worth Beach, FL 33460, USA",1332 n federal hwy lake worth beach fl 33460 usa,,103a3e0e-668d-b273-7ac4-072e957e4fde
"7725 NW 146th St, Miami Lakes, FL 33016, USA",7725 nw 146th st miami lakes fl 33016 usa,,386850cb-bf0a-43ee-ab5e-58d09001ac90
"6500 Cow Pen Rd., Suite 104, Miami Lakes FL 33014 ",6500 cow pen rd ste 104 miami lakes fl 33014,,dbee7647-65ab-443f-b081-8ba53d5d11ac
"All About Kids Pediatric Dentistry, 1882 59th Street West, Bradenton, FL, USA",all about kids pediatric dentistry 1882 59th st west bradenton fl usa,,66f06dc8-7bde-44a3-a7b5-c036d811daf2
190 Pine Ave N. Oldsmar 34677 FL,190 pine ave n oldsmar 34677 fl,,f3b2651d-c3ba-4ada-b2e7-1d18737ea6e9
"1842 Rye Rd E #106, Bradenton, FL 34212, USA",1842 rye rd e #106 bradenton fl 34212 usa,,006f171b-ae69-4fb5-bc07-60525b31c7a8
"9100 Belvedere Rd suite 208, Royal Palm Beach, FL 33411, USA",9100 belvedere rd ste 208 royal palm beach fl 33411 usa,,c2a27ec6-579e-47ed-a283-87ea039224be
"8441 Heritage Green Way, Bradenton, FL 34212, USA",8441 heritage green way bradenton fl 34212 usa,,a0e05513-ee4d-4138-8e68-04b4b92f7551
"515 27th St E suite 6, Bradenton, FL 34208, USA",515 27th st e ste 6 bradenton fl 34208 usa,,66559361-62c2-0c3a-971c-e18434363530
"2721 Michigan Ave, Kissimmee, FL, USA",2721 michigan ave kissimmee fl usa,,6ed3efcc-d4a4-4fef-8610-48feb9ea5440
"2326 S Congress Ave suite 1d, West Palm Beach, FL, USA",2326 s congress ave ste 1d west palm beach fl usa,,05656e17-1587-414e-ae84-e55b0fd534c0
"6738 W Sunrise Blvd suite 105, Plantation, FL, USA",6738 w sunrise blvd ste 105 plantation fl usa,,155e2dc1-b0a9-f773-1326-0e17817cffd0
"23082 Sandalfoot Plaza Dr, Boca Raton, FL, USA",23082 sandalfoot plaza dr boca raton fl usa,,8d4d8cde-77aa-4c90-81f4-5c57071a6f56
"834 SE Ocean Blvd, Stuart, FL 34994, USA",834 se ocean blvd stuart fl 34994 usa,,420f8ae0-1be4-dd5b-27a9-243d465367c2
"3115 S Federal Hwy, Delray Beach, FL 33483, USA",3115 s federal hwy delray beach fl 33483 usa,,3e41b096-fd08-4b55-9b58-432755db67d9
"464 S Ridgewood Ave, Daytona Beach, FL 32114, USA",464 s ridgewood ave daytona beach fl 32114 usa,,7ab6a8a7-0342-8147-1f99-2de011ef929e
"3401 S Federal Hwy, Delray Beach, FL 33483, USA",3401 s federal hwy delray beach fl 33483 usa,,f0799d8c-d874-8702-2d0c-92136d4ee8e3
"721 US Hwy 1, Suite 106, North Palm Beach, FL 33408",721 us hwy 1 ste 106 north palm beach fl 33408,,ed0ad7ee-e804-b3e3-6fb2-156aff4554d4
"41 N Orlando Ave., Cocoa Beach, FL	32931",41 n orlando ave cocoa beach fl 32931,,a0601715-8159-4f46-ff51-a6c96d6301ac
"1175 Spring Centre S Blvd., Suite 1010, Altamonte Springs, FL 32714",1175 spring centre s blvd ste 1010 altamonte springs fl 32714,,5ec20f63-1ff4-7d2c-87ce-40fd59ba5a04
"12421 San Jose Blvd suite 200a, Jacksonville, FL, USA",12421 san jose blvd ste 200a jacksonville fl usa,,ab616553-f75f-49b6-8d25-18795e2173c9
"2220 Seven Springs Blvd, New Port Richey FL 34655",2220 seven springs blvd new port richey fl 34655,,bbd288df-60d9-4bbc-8aa1-bbad138db20b
"10231 E Colonial Dr suite a, Orlando, FL, USA",10231 e colonial dr ste a orlando fl usa,,d25fc041-19cb-4bd1-a8a3-f47b62db9bf5
"250 North Alafaya Trail suite 125, Orlando, FL 32828, USA",250 north alafaya trail ste 125 orlando fl 32828 usa,,9704e762-f023-d8be-2a16-a416f5ecdf64
"1913 N Clyde Morris Blvd suite 130, Daytona Beach, FL 32117, USA",1913 n clyde morris blvd ste 130 daytona beach fl 32117 usa,,3ee25e98-d159-4951-3980-e4c97141b116
"3400 NE 12th Ave suite b, Oakland Park, FL, USA",3400 ne 12th ave ste b oakland park fl usa,,956bf628-1d9d-446f-b0e0-7d02e6b97c84
"7800 W Oakland Park Blvd., Suite 301B, Sunrise, FL 33351",7800 w oakland park blvd ste 301b sunrise fl 33351,,705b0529-1b01-2e17-a54b-680e9bc2d445
"10769 Northwest 58th Street, Doral, FL 33178, USA",10769 nw 58th st doral fl 33178 usa,,7569ae86-0825-4cbe-8849-f926220f6225
"9440 W Commercial Blvd suite 105, Sunrise, FL 33351, USA",9440 w commercial blvd ste 105 sunrise fl 33351 usa,,e1ed632d-7dd2-3413-e5d9-7a5e404ca925
"1000 Kevstin Dr, Kissimmee, FL, USA",1000 kevstin dr kissimmee fl usa,,3c520894-3041-4aa9-9059-150bc86009a9
"6555 N Wickham Rd., Suite 106, Melbourne, FL 32940",6555 n wickham rd ste 106 melbourne fl 32940,,b80d7a5f-138f-25d4-a2d5-0847615678d4
"5050 W Atlantic Ave., Delray Beach, FL 33484",5050 w atlantic ave delray beach fl 33484,,78115b5d-b1b1-baa3-d068-a1acb8333ea1
"600 S Dixie Hwy., Suite 207, Boca Raton, FL 33432",600 s dixie hwy ste 207 boca raton fl 33432,,b9ba7165-e960-ff07-e2f6-6cd759e5f7d8
"1680 Southwest Newland Way suite 100, Lake City, FL, USA",1680 sw newland way ste 100 lake city fl usa,,cbb24b30-7d3a-27e4-5bbc-96cc3f2d8e78
"214 E Eau Gallie Blvd., Indian Harbour Beach, FL 32937",214 e eau gallie blvd indian harbour beach fl 32937,,a23e9bf7-63b2-dbdb-dd35-b8c8a2fed202
"141 Coconut Drive, Indialantic, Florida 32903, USA",141 coconut dr indialantic florida 32903 usa,,a23e9bf7-63b2-dbdb-dd35-b8c8a2fed202
"4835 E 4th Ave., Suite A, Hialeah, FL 33013",4835 e 4th ave ste a hialeah fl 33013,,9bd4358c-bb7b-0689-d6d4-5abbbde75dc0
"7071 Taft St, Hollywood, FL 33024, USA",7071 taft st hollywood fl 33024 usa,,6a2d222f-917f-2b8c-e777-7a73bd0dbe37
"3856 Sheridan St., Hollywood, FL 33021",3856 sheridan st hollywood fl 33021,,55edd1d9-e00d-96e5-8543-933880070012
"6500 Cow Pen Rd., Suite 203, Miami Lakes, FL 33014",6500 cow pen rd ste 203 miami lakes fl 33014,,975a55ea-4c1f-b21d-0631-f47e06e93821
"2959 Alafaya Trail #109, Oviedo, FL, USA",2959 alafaya trail #109 oviedo fl usa,,1d224624-2d3c-f3d5-bc4d-0ff4668f4b9c
"125 E Merritt Island Cswy suite 127, Merritt Island, FL 32952, USA",125 e merritt island cswy ste 127 merritt island fl 32952 usa,,184e450e-3423-077e-a295-2626ec47ed06
"7575 Dr Phillips Blvd suite 160, Orlando, FL 32819, USA",7575 dr phillips blvd ste 160 orlando fl 32819 usa,,b4659575-7ab3-01a8-7cfa-1c9b42d7a9cc
"3600 Formosa Ave, Orlando, FL 32804, USA",3600 formosa ave orlando fl 32804 usa,,957e94b0-e31f-b979-be3a-5dace9be1537
5851 S Congress Ave.	Atlantis	FL	33462,5851 s congress ave atlantis fl 33462,,8b60f6c3-6fc0-4323-8dee-4239de509e3e
"1405 FL A1AAlt, Suite 106	Jupiter	FL	33469",1405 fl a1aalt ste 106 jupiter fl 33469,,615d0e1b-780d-4650-8560-08b5a5cc7097
"920 W Indiantown Rd ste 108, Jupiter, FL 33458, USA",920 w indiantown rd ste 108 jupiter fl 33458 usa,,1723ae1b-07f2-4413-9123-28337b42f2d0
"802 3rd St, Neptune Beach, FL, USA",802 3rd st neptune beach fl usa,,ca9d1647-8929-4eca-b2ac-9b6bb912549e
"12620 Beach Boulevard suite 18, Jacksonville, FL, USA",12620 beach blvd ste 18 jacksonville fl usa,,4f6fabd7-4572-bad7-6bf4-c09010a8b3f3
"3720 53rd Ave. E, Bradenton, FL 34203",3720 53rd ave e bradenton fl 34203,,ca5deeec-9a66-8f23-8116-ac085a3c1c5a
"2323 NE 26th Ave suite 110, Pompano Beach, FL 33062, USA",2323 ne 26th ave ste 110 pompano beach fl 33062 usa,,50991d9b-7af1-471a-5f97-63b0dfdfe056
"16618 Saddle Club Rd, Weston, FL 33326, USA",16618 saddle club rd weston fl 33326 usa,,d0a39b10-43f9-bce6-c39c-a4e5fdee940e
"9347 Baymeadows Rd suite 105, Jacksonville, FL 32256, USA",9347 baymeadows rd ste 105 jacksonville fl 32256 usa,,3b873cb8-84e2-9c43-d1b4-96d53e1201c6
"1550 Riverside Avenue, Jacksonville, FL, USA",1550 riverside ave jacksonville fl usa,,9c9d2b1c-721f-2c2a-8193-509d7daedf02
"3165 McMullen Booth Rd Building E Clear Water, FL 33761",3165 mcmullen booth rd building e clear water fl 33761,,eeb5f274-cad7-45ba-ba96-d17caea6f4e2
"8804 Hawkbuck Street Trinity, FL 34655",8804 hawkbuck st trinity fl 34655,,46179762-8d90-4cc5-b5bc-3b47cb39bd5f
"2301 North University Drive suite 209, Pembroke Pines, FL, USA",2301 north university dr ste 209 pembroke pines fl usa,,4ffdbfba-ff87-e8bd-cab5-f7cef4b8e282
1811 Peppertree Drive Oldsmar FL 34677,1811 peppertree dr oldsmar fl 34677,,6418efa6-bab3-43d2-b42d-b9d03318e42b
"16209 Northeast 13th Avenue, North Miami Beach, FL, USA",16209 ne 13th ave north miami beach fl usa,,5a1a8ba4-5b9a-cf54-d4cd-dd3658f045e1
"Blueberry Dental - Dr. Kalinowska Szyszka, 510 East Tarpon Avenue, Tarpon Springs, FL 34689, USA",blueberry dental - dr kalinowska szyszka 510 east tarpon ave tarpon springs fl 34689 usa,,08dece07-6e77-0c3a-cd23-a71628440d16
"3727 SE Ocean Blvd., Suite 208, Stuart, FL 34996",3727 se ocean blvd ste 208 stuart fl 34996,,abe79c5d-8f0b-0084-cae8-5c4b10bdaf1b
"5101 Gate Pkwy N suite 4, Jacksonville, FL 32256, USA",5101 gate pkwy n ste 4 jacksonville fl 32256 usa,,9a6dea08-177c-93c9-cfec-509c69a3e332
"11395 SW 40th St., Miami, FL 33165",11395 sw 40th st miami fl 33165,,151aa672-9802-22d2-823e-c8f2de002083
"12950 Race Track Rd. #109 Tampa, FL 33626",12950 race track rd #109 tampa fl 33626,,9376379e-e946-4c65-aa55-d8aed4bca62e
"2450 Hollywood Blvd suite 400, Hollywood, FL, USA",2450 hollywood blvd ste 400 hollywood fl usa,,b4ff1f72-c079-482b-b318-4764a395e993
"12798 W. Forest Hill Blvd., Suite 305, Wellington FL 33414",12798 w forest hill blvd ste 305 wellington fl 33414,,5a3e8ae5-8c8c-ddcc-8002-c65207c3e9d9
"12708 San Jose Blvd., Suite 3, Jacksonville, FL 32223",12708 san jose blvd ste 3 jacksonville fl 32223,,b3e76f10-cbf1-9c25-fdc5-02718a6eb575
"11309 Lake Underhill Rd suite 103, Orlando, FL 32825, USA",11309 lake underhill rd ste 103 orlando fl 32825 usa,,a6f8dd42-825b-c758-bb8f-5e20a543e6b7
"1037 S. St. Rd. 7, Suite 211 Wellington, FL 33414",1037 s st rd 7 ste 211 wellington fl 33414,,a9ad76c0-02f2-4878-ae8c-840a095d9c33
"258 SE 6th Ave suite 1, Delray Beach, FL, USA",258 se 6th ave ste 1 delray beach fl usa,,ad7ce498-4400-404c-8b31-f19256d36c4e
"600 South Dixie Highway suite 105, West Palm Beach, FL, USA",600 south dixie highway ste 105 west palm beach fl usa,,586a71d6-678b-8cc0-2d48-eaa651cafdd5
"10127 W Oakland Park Blvd, Sunrise, FL, USA",10127 w oakland park blvd sunrise fl usa,,0e4b8bf0-e2a8-4149-9be2-48ef79b18b1a
"500 Northwest 43rd Street suite 4, Gainesville, FL, USA",500 nw 43rd st ste 4 gainesville fl usa,,ab63d508-ae9a-42a7-9673-b38f6e6e8d74
"11356 W State Rd 84, Davie, FL, USA",11356 w state rd 84 davie fl usa,,363f4850-2b34-4e01-a0e8-eb0b18172b16
6000 Bird Road Miami FL 33155,6000 bird rd miami fl 33155,,dd345c70-7ca3-aef5-5949-8c130ea9f718
"1141 S Eustis St., Eustis, FL 32726",1141 s eustis st eustis fl 32726,,8d0d8fb9-d8b4-1d2b-e437-187060246c73
"14045 North Dale Mabry Highway ste a, Tampa, FL 33618, USA",14045 north dale mabry highway ste a tampa fl 33618 usa,,938e5b9f-fe4f-4aa9-a061-d4cc925b486a
"11373 West Flagler Street suite 214, Miami, FL, USA",11373 west flagler st ste 214 miami fl usa,,f1a34062-99c0-44f0-9f42-cf959c1be33c
"1064 E Osceola Pkwy, Kissimmee, FL, USA",1064 e osceola pkwy kissimmee fl usa,,88bd681d-616d-42a6-abeb-96da67b129bf
"2557 Nursery Road, Suite D, Clearwater FL 33764 ",2557 nursery rd ste d clearwater fl 33764,,5f2dbdf5-ce55-4242-a1eb-39a06aaae0a1
"4330 W Broward Blvd suite m, Plantation, FL 33317, USA",4330 w broward blvd ste m plantation fl 33317 usa,,6016af89-7fc3-484c-7f80-2992f3e4e13d
"560 E 49th St., Hialeah, FL 33013",560 e 49th st hialeah fl 33013,,50cb217f-d75d-c4b9-e793-06f104971758
"6000 Bird Rd, Miami, FL, USA",6000 bird rd miami fl usa,,5fead054-6fd1-60b0-e606-32f818634ea9
"4506 North University Drive, Lauderhill, FL, USA",4506 north university dr lauderhill fl usa,,5f903a90-6d57-4429-a9cf-9da485398277
"610 NE 124th St, North Miami, FL 33161, USA",610 ne 124th st north miami fl 33161 usa,,e276dfb4-282a-300d-cd60-3f7a917bbefa
"1528 Land O' Lakes Blvd, Lutz, FL, USA",1528 land o' lakes blvd lutz fl usa,,ecff6d80-3413-0e80-fd86-6bf8328a2635
"1168 Bell Shoals Rd, Brandon, FL, USA",1168 bell shoals rd brandon fl usa,,5935a06b-b37d-4252-80a9-9f60f8f5616c
"1831 N Belcher Rd., Suite B1, Clearwater FL 33765",1831 n belcher rd ste b1 clearwater fl 33765,,22488c06-a60c-441f-a74e-14fd87079658
"10071 Sunset Strip, Sunrise, FL, USA",10071 sunset strip sunrise fl usa,,f120f321-e890-4e98-9003-8126a6db1b7c
"980 Oviedo Blvd #1000, Oviedo, FL, USA",980 oviedo blvd #1000 oviedo fl usa,,093f7aa0-1bd3-6f00-e5bf-3ee061b6c211
"7185 Murrell Rd suite 102, Melbourne, FL, USA",7185 murrell rd ste 102 melbourne fl usa,,11931850-f4fb-45f7-909f-2021e580bf2a
"2677 Maguire Rd, Ocoee, FL, USA",2677 maguire rd ocoee fl usa,,bebf80fb-081a-42e9-9ffa-2439ce2a62c5
"12658 South Military Trail suite 104, Boynton Beach, FL, USA",12658 south military trail ste 104 boynton beach fl usa,,001c2a5c-6906-4806-984d-4de5254a8754
"123 Gralan Dr, Byron, GA 31008, USA",123 gralan dr byron ga 31008 usa,,f01c6b17-956a-4152-9bff-b3998143947c
"101 Center Street, Stockbridge, GA, USA",101 center st stockbridge ga usa,,14297d4d-8e5d-a552-c8ba-357e25f51cd8
"1600 Kennesaw Due West Rd NW suite 306, Kennesaw, GA, USA",1600 kennesaw due west rd nw ste 306 kennesaw ga usa,,6b864f97-6152-4d3d-b8b7-e0a0fc6d187f
"4909 Timber Ridge Dr suite 203, Douglasville, GA, USA",4909 timber ridge dr ste 203 douglasville ga usa,,e0fcc40a-7a8c-4963-9660-dd0b70af9bab
"3379 Peachtree Rd. NE, Suite 850, Atlanta, GA 30326",3379 peachtree rd ne ste 850 atlanta ga 30326,,93a54009-6404-2149-ef6b-c761dba4546c
"967 Cleveland Avenue, East Point, GA, USA",967 cleveland ave east point ga usa,,3d3096ee-80a2-0041-c40b-0f76102da684
"1025 Veterans Memorial Hwy SE suite 320, Mableton, GA, USA",1025 veterans memorial hwy se ste 320 mableton ga usa,,fcfc4c6b-fca1-41b5-8c24-39f50cb7e8f1
"4084 N Henry Blvd, Stockbridge, GA, USA",4084 n henry blvd stockbridge ga usa,,32f0c34f-952d-2548-d75f-47c7f5d093dc
"3730 Carmia Drive Southwest suite 170, Atlanta, GA, USA",3730 carmia dr sw ste 170 atlanta ga usa,,991fd908-940a-1d7b-24e1-a592777ff554
"322 North Main Street, Alpharetta, GA, USA",322 north main st alpharetta ga usa,,8e1b4ad6-a8cc-4545-b080-10bc554fd9c9
"4408 Cobb Pkwy NW, Acworth, GA 30101, USA",4408 cobb pkwy nw acworth ga 30101 usa,,8e1cd6f2-5384-b14b-f0e3-c1d9470e7343
"2090 Godby Rd, College Park, GA 30349, USA",2090 godby rd college park ga 30349 usa,,8f01894e-d35a-e4db-e78f-a134e7536a82
"3225 Shallowford Rd., Suite 520, Marietta, GA 30062",3225 shallowford rd ste 520 marietta ga 30062,,e760eea5-d171-968c-4103-fdb6f9ee303e
"7454 Hannover Pkwy S suite 200, Stockbridge, GA, USA",7454 hannover pkwy s ste 200 stockbridge ga usa,,df44e3e7-19b6-4326-bc21-b0a7e8c82eb1
"620 Concord Rd SE, Smyrna, GA, USA",620 concord rd se smyrna ga usa,,4213a3f0-5fc0-4220-9cfc-8c5581621bb1
"Dacula Dental Associates, 420 Dacula Road, Dacula, GA, USA",dacula dental associates 420 dacula rd dacula ga usa,,a5039753-0b4a-8ca6-0516-2b609d4ae29b
"300 Northlake Dr, Peachtree City, GA 30269, USA",300 northlake dr peachtree city ga 30269 usa,,aea2c696-7a88-7a68-8ff6-af12273a31f8
"648 Evans St SW, Atlanta, GA 30310, USA",648 evans st sw atlanta ga 30310 usa,,5d36c391-df86-7fcf-397e-d7ad274b1280
"71 Postal Pkwy, Newnan, GA 30263, USA",71 postal pkwy newnan ga 30263 usa,,2c1dc4c3-27f0-9157-14de-127691ccc83b
"9950 Jones Bridge Road suite 700, Johns Creek, GA, USA",9950 jones bridge rd ste 700 johns creek ga usa,,429b6c43-2a94-e775-f749-f80c9695c67a
"1513 Johnson Ferry Road suite 190, Marietta, GA, USA",1513 johnson ferry rd ste 190 marietta ga usa,,e350605d-7060-9404-d84f-c3e07802bb10
"Dr. Kristina Zivrev D.M.D., LTD, Oakbrook Center, Oak Brook, IL, USA",dr kristina zivrev dmd ltd oakbrook center oak brook il usa,,e9a9e87a-ef40-49de-acba-33b31cc57b44
"4200 W Peterson Ave suite 136, Chicago, IL 60646, USA",4200 w peterson ave ste 136 chicago il 60646 usa,,11ec1b2d-e516-642c-28a4-6ccc736673ac
"Fresh Dental, North Broadway, Chicago, IL, USA",fresh dental north broadway chicago il usa,,8083fc47-92aa-4d6b-aaf4-c4e206bad7b1
"TruCare Dentistry, South Bloomingdale Road, Bloomingdale, IL, USA",trucare dentistry south bloomingdale rd bloomingdale il usa,,662c3ace-9727-4753-abc4-7de5ecc76d18
"11238 S Western Ave., Chicago, IL 60643",11238 s western ave chicago il 60643,,375857a2-426c-6d5f-eed3-395acf6a83c0
"Zephyr Dental, North Western Avenue, Chicago, IL, USA",zephyr dental north western ave chicago il usa,,93e323e1-ad45-4976-aa59-583ede353364
"Lincoln Shine Dental, North Halsted Street, Chicago, IL, USA",lincoln shine dental north halsted st chicago il usa,,9b1faac3-5aa4-4ac1-8d68-f0df323136ba
"1282 N Milwaukee Ave, Chicago, IL 60622, USA",1282 n milwaukee ave chicago il 60622 usa,,cd0ac5ed-3221-6b6d-26de-417ca91a9b1c
"148 E Army Trail Rd, Glendale Heights, IL, USA",148 e army trail rd glendale heights il usa,,9c5029c6-2e9c-45bc-bd74-519c141fc491
"1011 State St., Suite 110, Lemont, IL 60439",1011 state st ste 110 lemont il 60439,,22d3465e-1c52-c3de-978f-37d25e0ea097
"5667 N Clark St., Chicago, IL 60660",5667 n clark st chicago il 60660,,6d919537-6846-91e4-f940-a1e5522640a1
"3166 North Lincoln Avenue suite 300, Chicago, IL, USA",3166 north lincoln ave ste 300 chicago il usa,,b31cc00d-c680-dd40-d2ff-6f2946fc692e
"2400 N Ashland Ave suite 200, Chicago, IL, USA",2400 n ashland ave ste 200 chicago il usa,,79e671e1-3721-46a5-94cf-b0aaad95cb9c
"Chicago Loop Dentistry, East Washington Street, Chicago, IL, USA",chicago loop dentistry east washington st chicago il usa,,84882587-11f6-4f4b-aed8-2e27fa5ec856
"West Chicago Smiles, 1933 Franciscan Way, West Chicago, IL 60185, USA",west chicago smiles 1933 franciscan way west chicago il 60185 usa,,41d3936f-d662-ebc1-a834-57665740c4ce
"1900 Silver Glen Rd., South Elgin, IL 60177",1900 silver glen rd south elgin il 60177,,e235b987-8a70-bac7-7a86-d8d2199cfc92
"Gentle Dental Spa, West Higgins Road, Hoffman Estates, IL, USA",gentle dental spa west higgins rd hoffman estates il usa,,b9198d93-c18a-4360-a331-b193b846fe16
"2005 W Addison St., Chicago, IL 60618",2005 w addison st chicago il 60618,,63063972-5a91-6624-f772-5cbbc177478d
"217 N McLean Blvd, Elgin, IL, USA",217 n mclean blvd elgin il usa,,7e89013f-8752-4f1b-9b15-9cd8acd7125c
"4911 W Diversey Ave., Chicago, IL 60639",4911 w diversey ave chicago il 60639,,3e8e9ccf-fc21-e990-791d-154e37d3b864
"4013 14th St suite 413, Plano, TX, USA",4013 14th st ste 413 plano tx usa,,aa79a60b-e6c3-4989-9a16-daa285e173d8
"12809 North FM 620 suite 100, Austin, TX 78750, USA",12809 north fm 620 ste 100 austin tx 78750 usa,,94a28741-302c-f286-ef11-fe228daa7672
"14005 Ronald Reagan Blvd suite b, Cedar Park, TX 78641, USA",14005 ronald reagan blvd ste b cedar park tx 78641 usa,,4b85ae54-f621-ed60-58c3-dfe308bdbfe2
"4300 Medical Pkwy., Austin, TX	78756",4300 medical pkwy austin tx 78756,,59286b0a-aaf3-51ac-cd4a-9021995e2b62
"9900 W Parmer Ln suite a205, Austin, TX 78717, USA",9900 w parmer ln ste a205 austin tx 78717 usa,,f8c8c3a2-4023-9212-ea93-4d429f09abfa
"642 Uptown Blvd., Suite 160 Cedar Hill, TX 75104 ",642 uptown blvd ste 160 cedar hill tx 75104,,bf8c74bd-d71f-4553-a89c-62ebd2ac6384
"136 Drifting Wind Run suite 109, Dripping Springs, TX 78620, USA",136 drifting wind run ste 109 dripping springs tx 78620 usa,,22b7b4e4-1323-9b49-fc48-a3abd8a660b9
"115 Shell Rd., Suite A, Georgetown, TX 78633",115 shell rd ste a georgetown tx 78633,,398a5a83-0673-ec2e-d47b-d2249947c100
"1640 Highland Falls Dr suite 901, Leander, TX 78641, USA",1640 highland falls dr ste 901 leander tx 78641 usa,,80b154c7-1141-3f5f-a7eb-c0389e7645c3
"715 Discovery Blvd suite 119, Cedar Park, TX 78613, USA",715 discovery blvd ste 119 cedar park tx 78613 usa,,259dfa50-6f70-5d17-6663-9ecad2f417cd
"1201 N Lakeline Blvd., Suite 300, Cedar Park, TX 78613",1201 n lakeline blvd ste 300 cedar park tx 78613,,060bf30c-1bc2-4030-69e8-8727bf04a8a5
"3801 N Capital of Texas Hwy J240, Austin, TX	78746",3801 n capital of texas hwy j240 austin tx 78746,,f93e0108-3edf-64ea-b7de-cc36708ecdd4
"3855 Glade Rd suite 150, Colleyville, TX 76034, USA",3855 glade rd ste 150 colleyville tx 76034 usa,,54875d06-f0bc-197a-1733-4a186891fb6a
"2200 Morriss Rd, Suite 150 Flower Mound 75028 Texas",2200 morriss rd ste 150 flower mound 75028 texas,,cd50e9d3-8ba0-46f5-8bf8-172b801db48a
"23033 Grand Circle Boulevard suite 110, Katy, TX 77450, USA",23033 grand circle blvd ste 110 katy tx 77450 usa,,cd23bfa5-05a8-e721-2224-840f3c5d1528
"2313 Edwards St suite 150, Houston, TX 77007, USA",2313 edwards st ste 150 houston tx 77007 usa,,c8f4e71c-9116-c697-a331-bad8cc0d3b72
"6705 Heritage Pkwy., Suite 100	Rockwall, TX 75087",6705 heritage pkwy ste 100 rockwall tx 75087,,079a348e-d022-7ab0-f0b7-4b9ffd81d24b
"6675 S Custer Rd suite 200, McKinney, TX 75070, USA",6675 s custer rd ste 200 mckinney tx 75070 usa,,76c27fde-4db6-aba3-b8fc-1730ba87a2a7
"3301 N Goliad St., Suite 107, Rockwall, TX 75087",3301 n goliad st ste 107 rockwall tx 75087,,d6b8b37f-00bf-8675-4e2a-fd97defa7bfc
"15609 Ronald Reagan Blvd., Suite B - 150, Leander, TX 78641",15609 ronald reagan blvd ste b - 150 leander tx 78641,,976ef778-6dbf-538d-26df-2ae43af0652f
"3105 West 15th Street suite a1, Plano, TX, USA",3105 west 15th st ste a1 plano tx usa,,cdd001ab-d6ba-6cee-0841-137b599d882e
"4009 Bellaire Blvd., Suite DD, Houston, TX 77025",4009 bellaire blvd ste dd houston tx 77025,,79a48bcd-463e-5bb7-1c77-859591f58a7a
"304 E Tidwell Rd., Houston, TX 77022",304 e tidwell rd houston tx 77022,,60b6d218-43f2-a300-d901-4b30d7a14d08
"1809 Golden Trail Ct suite #200, Carrollton, TX, USA",1809 golden trail ct ste #200 carrollton tx usa,,e353ea8b-91e8-418f-b5de-deebe477111c
"18110 Midway Rd suite 108, Dallas, TX, USA",18110 midway rd ste 108 dallas tx usa,,115fd231-60d3-4d4f-868c-f4217a3bac16
"1580 W Frontier Pkwy suite 100, Prosper, TX 75078, USA",1580 w frontier pkwy ste 100 prosper tx 75078 usa,,138e261f-98d8-6d3f-acf4-c44fd55f6c20
"1026 E Wheatland Rd, Duncanville, TX, USA",1026 e wheatland rd duncanville tx usa,,5535cfab-7c07-dc79-e4c6-1da3e65a7fe4
"4150 Eldorado Pkwy suite 300, McKinney, TX 75070, USA",4150 eldorado pkwy ste 300 mckinney tx 75070 usa,,b23551ef-6d89-4c0a-9909-ba6eecf104c3
"5261 McKinney Ranch Pkwy., Suite 400, McKinney, TX 75070",5261 mckinney ranch pkwy ste 400 mckinney tx 75070,,e6c2f4f0-8c62-1397-cfd0-cfdef26967c6
"8700 Menchaca Rd suite 102, Austin, TX 78748, USA",8700 menchaca rd ste 102 austin tx 78748 usa,,f80c6d15-b6c1-a4b1-5ddf-1d877ed90747
"8701 State Hwy 71 suite 102, Austin, TX 78735, USA",8701 state hwy 71 ste 102 austin tx 78735 usa,,31488950-b5ce-3799-0612-733a3ddcb72e
"801 Wells Branch Pkwy., Suite 130, Pflugerville, TX 78660",801 wells branch pkwy ste 130 pflugerville tx 78660,,6f21166a-1038-c22b-792a-56e9136bf088
"2927 Ridge Rd suite 113, Rockwall, TX 75032, USA",2927 ridge rd ste 113 rockwall tx 75032 usa,,a459cd12-3447-d6db-f0c2-23125ad194a2
"560 W Ralph Hall Pkwy suite 104, Rockwall, TX 75032, USA",560 w ralph hall pkwy ste 104 rockwall tx 75032 usa,,7fd0fb0a-5f60-e6ab-9bec-41374307cc9b
"4865 Hedgcoxe Rd suite 100, Plano, TX 75024, USA",4865 hedgcoxe rd ste 100 plano tx 75024 usa,,455ddb38-7516-c7b3-4c5b-a290292e6458
"10001 S I-35 Frontage Rd ste 350, Austin, TX, USA",10001 s i-35 frontage rd ste 350 austin tx usa,,8a3c8e86-f608-2e11-22ee-9a57d2c54645
"536 E Pleasant Run Rd, DeSoto, TX 75115",536 e pleasant run rd desoto tx 75115,,26b6da32-eba6-19d1-583d-285d6f6031a4
"4101 Greenbriar Drive suite 120, Houston, TX, USA",4101 greenbriar dr ste 120 houston tx usa,,5156f705-44ee-9498-a7e9-765f7c84c863
"9920 Highway 90 Alternate a suite 100 c, Sugar Land, TX 77478, USA",9920 highway 90 alternate a ste 100 c sugar land tx 77478 usa,,a87931f1-1fbf-f853-e61e-76e8ba362910
"4221 Benner Rd., Suite 200, Kyle, TX 78640",4221 benner rd ste 200 kyle tx 78640,,7576c975-2076-d6d5-3c79-f0bd31757db1
"1941 South Interstate 35 suite 107, San Marcos, TX, USA",1941 south interstate 35 ste 107 san marcos tx usa,,ddc2baac-511c-6694-4a4e-c6d63fe6a9ca
"304 S Ballard Ave., Wylie, TX 75098",304 s ballard ave wylie tx 75098,,ede813fe-70c3-b11a-be73-dc6bbfd28677
"1231 William D Tate Ave suite 400, Grapevine, TX 76051, USA",1231 william d tate ave ste 400 grapevine tx 76051 usa,,42aa300b-f79b-79e4-dac2-c8fd043e0b00
"200 W Main St, Pflugerville, TX 78660, USA",200 w main st pflugerville tx 78660 usa,,0630b9bc-75e8-feba-53a8-f4e49368d3ba
"13024 Dallas Pkwy., Unit 120, Frisco, TX 75034",13024 dallas pkwy unit 120 frisco tx 75034,,5cda63de-3905-278d-176d-09a5cfea9686
"3725 S Lake Forest Dr suite 108, McKinney, TX, USA",3725 s lake forest dr ste 108 mckinney tx usa,,46bf24ca-db6f-4d21-a252-122407d83c90
"2785 E Eldorado Pkwy suite 105, Little Elm, TX 75068, USA",2785 e eldorado pkwy ste 105 little elm tx 75068 usa,,6c700e6a-dc04-2afa-7994-24498c678292
"Lantern Dental, 412 E Pleasant Run Rd, DeSoto, TX 75115, USA",lantern dental 412 e pleasant run rd desoto tx 75115 usa,,a77ef302-6338-862b-4c02-1dc950525ca5
"717 North Holland Road suite 120, Mansfield, TX, USA",717 north holland rd ste 120 mansfield tx usa,,e0cdc5ee-f2c1-4af1-b13a-a35257ad2ffb
"2185 Brinker Rd., Suite 110, Denton, TX 76208",2185 brinker rd ste 110 denton tx 76208,,4e849d66-e089-7bc3-b5fc-508927375139
"554 N. Walnut Creek Dr., Mansfield, TX 76063",554 n walnut creek dr mansfield tx 76063,,ad59d013-3207-28d4-16e4-c1933e1e10d9
"1900 University Boulevard suite 180, Round Rock, TX, USA",1900 university blvd ste 180 round rock tx usa,,1781d76a-1d1f-c78e-be9a-61de8890a159
"1575 Redbud Blvd suite 103, McKinney, TX, USA",1575 redbud blvd ste 103 mckinney tx usa,,caf10fa5-04a7-4a23-b1d8-a1a8f0d31342
"5959 W Loop S, Suite 620, Bellaire, TX 77401",5959 w loop s ste 620 bellaire tx 77401,,5652f767-81c9-208f-e1af-1c09f2a85eff
"450 N. Hwy 67 Ste 100, Cedar Hill TX 75104",450 n hwy 67 ste 100 cedar hill tx 75104,,fec3b8e5-d1e1-4fb1-811a-ee53f40df606
"2091 North Collins Boulevard suite 100, Richardson, TX, USA",2091 north collins blvd ste 100 richardson tx usa,,acb41ccd-5638-5204-e2ac-f99b9f6afa6f
"6410 Fannin St suite 800, Houston, TX 77030, USA",6410 fannin st ste 800 houston tx 77030 usa,,afd5f7d7-6c5d-e778-f359-eb55cc94f1c4
"6401 South Cooper Street suite 105a, Arlington, TX, USA",6401 south cooper st ste 105a arlington tx usa,,15bb9d84-425d-2221-e3cb-e2416652d4ac
"2600 Gessner Rd., Suite 226, Houston, TX 77080",2600 gessner rd ste 226 houston tx 77080,,f016229b-9ee7-0269-e4d4-f2bbb5dd7828
"3607 S Main St., Suite 107, Stafford, TX 77477",3607 s main st ste 107 stafford tx 77477,,fdc757e7-8a28-5575-d4b4-62ae9cb87d68
"2051 Cypress Creek Road, Cedar Park, TX, USA",2051 cypress creek rd cedar park tx usa,,45a75d7b-a08f-4088-0518-1a5a1f54d98a
"1821 S Lakeline Blvd suite 101, Cedar Park, TX, USA",1821 s lakeline blvd ste 101 cedar park tx usa,,a9db3db0-7abc-8214-7e16-a95c37139f52
"1600 S 1st St suite 160, Austin, TX, USA",1600 s 1st st ste 160 austin tx usa,,9cc0a738-bbd8-244e-3fba-b314d3ca11b8
"9901 East Valley Ranch Parkway suite 1020, Irving, TX, USA",9901 east valley ranch parkway ste 1020 irving tx usa,,fc3ea8eb-88e0-fddd-31c2-ff39b8477244
"14119 Stuebner Airline Rd., Houston, TX 77069",14119 stuebner airline rd houston tx 77069,,348cc002-c8a8-85ae-f61c-f6cc1700b4c7
"3420 West Park Boulevard, Carrollton, TX, USA",3420 west park blvd carrollton tx usa,,6d09e2b7-266d-45f7-9914-31110a962b37
"11215 S I-35 Frontage Rd unit 116, Austin, TX, USA",11215 s i-35 frontage rd unit 116 austin tx usa,,7cbe32e5-3f72-0817-5ece-044a9816c25a
"1633 North US Highway 183 #110, Leander, TX, USA",1633 north us highway 183 #110 leander tx usa,,bfeece70-e4ff-19e4-4654-0ce6560c75da
"5725 Golden Triangle Blvd, Fort Worth, TX, USA",5725 golden triangle blvd fort worth tx usa,,9f7b63cb-bd41-2bbc-5ea3-b94c9d6f8a50
"8436 Denton Hwy suite 218, Watauga, TX, USA",8436 denton hwy ste 218 watauga tx usa,,bb81151c-754f-bae9-f15c-86d6c6f04b1a
Patient followup and records etc.,patient followup and records etc,,9ceaf6e2-dc5a-4ddf-a053-bc4d7637ecc0
"2719 Colston Drive, Chevy Chase, MD, USA",2719 colston dr chevy chase md usa,,1b47beba-d433-5b51-453e-d2a552b7faa7
"9225 W Parmer Ln, Austin, TX, USA",9225 w parmer ln austin tx usa,,ef5d6e14-55c7-44b1-1ab4-f0a239877bff
"2051 Gattis School Rd suite 150, Round Rock, TX, USA",2051 gattis school rd ste 150 round rock tx usa,,cd7d6c39-7e91-f7ad-8e71-dcd62429f5a4
"5110 Heritage Avenue, Colleyville, TX, USA",5110 heritage ave colleyville tx usa,,536dd502-6a74-284e-174e-5b29d126eac7
"917 Harpeth Valley Place, Nashville, TN, USA",917 harpeth valley place nashville tn usa,,4108b585-1074-a8f5-1211-adf6cd8228e9
"189 Monroe Pl suite 104, Ashland City, TN 37015, USA",189 monroe pl ste 104 ashland city tn 37015 usa,,58bb14b8-1860-5cd8-55c8-ea49c54f5e39
"271 Stonecrossing Dr., Clarksville, TN 37042",271 stonecrossing dr clarksville tn 37042,,4ae02865-0406-7114-a54a-03cb4901e27d
"1715 Wilma Rudolph Blvd., Suite A, Clarksville, TN 37040",1715 wilma rudolph blvd ste a clarksville tn 37040,,c730a8c6-0cf8-ab03-1208-4b894caf8d1a
"99 White Bridge Rd suite 204, Nashville, TN 37205, USA",99 white bridge rd ste 204 nashville tn 37205 usa,,3925d5c9-f2ec-8119-5a59-01b7c14753e5
"2088 Lowes Dr., Suite C, Clarksville, TN 37040",2088 lowes dr ste c clarksville tn 37040,,3b0a49e3-1bd9-dfb3-eb3b-f9f306cb7730
